Name;Type;ID;Description;ParentElement;ElementType.Name;ElementType.Description;ElementType.ParentElement;Hidden;StrokeThickness;ImageLocation;SelectedStencilType;SelectedStencilConnection;StrokeDashArray;Attributes.Element:Text
Advisor;IT;SE.AA.TMCore.Advisor;Azure Advisor is a personalized cloud consultant that helps you follow best practices to optimize your Azure deployments.;GE.AA;Azure Asset;Microsoft Azure is a growing collection of integrated cloud services—analytics, computing, database, mobile, networking, storage, and web. Assets are considered foundational or infrasture services or compements that provide the scafolding for your Cloud Services.;ROOT;FALSO;0;Lower right of stencil;Any;Any;;
Active Directory;IT;SE.AA.TMCore.ActiveDirectory;Azure Active Directory (Azure AD) is Microsoft’s multi-tenant cloud based directory and identity management service.;GE.AA;Azure Asset;Microsoft Azure is a growing collection of integrated cloud services—analytics, computing, database, mobile, networking, storage, and web. Assets are considered foundational or infrasture services or compements that provide the scafolding for your Cloud Services.;ROOT;FALSO;0;Lower right of stencil;Any;Any;;
Active Directory B2C;IT;SE.AA.TMCore.ActiveDirectoryB2C;Azure Active Directory B2C is a comprehensive cloud identity management solution for your consumer-facing web and mobile applications.;GE.AA;Azure Asset;Microsoft Azure is a growing collection of integrated cloud services—analytics, computing, database, mobile, networking, storage, and web. Assets are considered foundational or infrasture services or compements that provide the scafolding for your Cloud Services.;ROOT;FALSO;0;Lower right of stencil;Any;Any;;
Active Directory Domain Services;IT;SE.AA.TMCore.ActiveDirectoryDomainServices;Azure AD Domain Services (DS) provides managed domain services such as domain join, group policy, LDAP, Kerberos/NTLM authentication that are fully compatible with Windows Server Active Directory.;GE.AA;Azure Asset;Microsoft Azure is a growing collection of integrated cloud services—analytics, computing, database, mobile, networking, storage, and web. Assets are considered foundational or infrasture services or compements that provide the scafolding for your Cloud Services.;ROOT;FALSO;0;Lower right of stencil;Any;Any;;
API App;IT;SE.AA.TMCore.APIApp;API Apps is one of four app types offered by Azure App Service. API apps in Azure App Service provides a rich feature set to develop, host and consume APIs in the cloud and on-premises. Azure App Service is a fully managed platform for web, mobile, and integration scenarios.;GE.AA;Azure Asset;Microsoft Azure is a growing collection of integrated cloud services—analytics, computing, database, mobile, networking, storage, and web. Assets are considered foundational or infrasture services or compements that provide the scafolding for your Cloud Services.;ROOT;FALSO;0;Lower right of stencil;Any;Any;;
Application Insights;IT;SE.AA.TMCore.ApplicationInsights;Application Insights is an extensible Application Performance Management (APM) service for web developers.;GE.AA;Azure Asset;Microsoft Azure is a growing collection of integrated cloud services—analytics, computing, database, mobile, networking, storage, and web. Assets are considered foundational or infrasture services or compements that provide the scafolding for your Cloud Services.;ROOT;FALSO;0;Lower right of stencil;Any;Any;;
Automation Runbook;IT;SE.AA.TMCore.AutomationRunbook;A runbook is a set of tasks that perform some automated process in Azure Automation. It may be a simple process such as starting a virtual machine and creating a log entry, or you may have a complex runbook that combines other smaller runbooks to perform a complex process across multiple resources or even multiple clouds and on premise environments.;GE.AA;Azure Asset;Microsoft Azure is a growing collection of integrated cloud services—analytics, computing, database, mobile, networking, storage, and web. Assets are considered foundational or infrasture services or compements that provide the scafolding for your Cloud Services.;ROOT;FALSO;0;Lower right of stencil;Any;Any;;
Azure Cloud Shell;IT;e2d01a90-8fcb-44f8-a335-2db0cdfec109;Azure Cloud Shell is an interactive, authenticated, browser-accessible shell for managing Azure resources.;GE.AA;Azure Asset;Microsoft Azure is a growing collection of integrated cloud services—analytics, computing, database, mobile, networking, storage, and web. Assets are considered foundational or infrasture services or compements that provide the scafolding for your Cloud Services.;ROOT;FALSO;0;Lower right of stencil;Any;Any;;
Container Registry;IT;SE.AA.TMCore.ContainerRegistry;Azure Container Registry (preview) is a private registry for hosting container images;GE.AA;Azure Asset;Microsoft Azure is a growing collection of integrated cloud services—analytics, computing, database, mobile, networking, storage, and web. Assets are considered foundational or infrasture services or compements that provide the scafolding for your Cloud Services.;ROOT;FALSO;0;Lower right of stencil;Any;Any;;
Devtest Labs;IT;SE.AA.TMCore.DevtestLabs;Azure Devtest Labs is a service that helps developers and testers quickly create environments in Azure while minimizing waste and controlling cost.;GE.AA;Azure Asset;Microsoft Azure is a growing collection of integrated cloud services—analytics, computing, database, mobile, networking, storage, and web. Assets are considered foundational or infrasture services or compements that provide the scafolding for your Cloud Services.;ROOT;FALSO;0;Lower right of stencil;Any;Any;;
Linux Virtual Machines;IT;SE.AA.TMCore.LinuxVirtualMachines;Azure Virtual Machines (VM) is one of several types of on-demand scalable computing resources that Azure offers.;GE.AA;Azure Asset;Microsoft Azure is a growing collection of integrated cloud services—analytics, computing, database, mobile, networking, storage, and web. Assets are considered foundational or infrasture services or compements that provide the scafolding for your Cloud Services.;ROOT;FALSO;0;Lower right of stencil;Any;Any;;
Virtual Machine Scale Sets;IT;SE.AA.TMCore.VirtualMachineScaleSets;Virtual Machine Scale Sets are an Azure Compute resource you can use to deploy and manage a set of identical VMs.;GE.AA;Azure Asset;Microsoft Azure is a growing collection of integrated cloud services—analytics, computing, database, mobile, networking, storage, and web. Assets are considered foundational or infrasture services or compements that provide the scafolding for your Cloud Services.;ROOT;FALSO;0;Lower right of stencil;Any;Any;;
Windows Virtual Machines;IT;SE.AA.TMCore.WindowsVirtualMachines;Azure Virtual Machines (VM) is one of several types of on-demand scalable computing resources that Azure offers.;GE.AA;Azure Asset;Microsoft Azure is a growing collection of integrated cloud services—analytics, computing, database, mobile, networking, storage, and web. Assets are considered foundational or infrasture services or compements that provide the scafolding for your Cloud Services.;ROOT;FALSO;0;Lower right of stencil;Any;Any;;
Advanced Threat Protection;IT;SE.AS.TMCore.AdvancedThreatProtection;Enterprise cloud and onprem threat protection.;GE.AS;Azure Service;Microsoft Azure is a growing collection of integrated cloud services—analytics, computing, database, mobile, networking, storage, and web. Services are the building blocks for your solutions on Azure.;ROOT;FALSO;0;Lower right of stencil;Any;Any;;
API Management;IT;SE.AS.TMCore.APIManagement;API Management helps organizations publish APIs to external, partner and internal developers to unlock the potential of their data and services.;GE.AS;Azure Service;Microsoft Azure is a growing collection of integrated cloud services—analytics, computing, database, mobile, networking, storage, and web. Services are the building blocks for your solutions on Azure.;ROOT;FALSO;0;Lower right of stencil;Any;Any;;
App Service;IT;SE.AS.TMCore.AppService;Azure App Service is a fully managed Platform as a Service (PaaS) offering for professional developers that brings a rich set of capabilities to web, mobile and integration scenarios.;GE.AS;Azure Service;Microsoft Azure is a growing collection of integrated cloud services—analytics, computing, database, mobile, networking, storage, and web. Services are the building blocks for your solutions on Azure.;ROOT;FALSO;0;Lower right of stencil;Any;Any;;
Automation;IT;SE.AS.TMCore.Automation;Azure Automation provides a way for users to automate the manual, long-running, error-prone, and frequently repeated tasks that are commonly performed in a cloud environment.;GE.AS;Azure Service;Microsoft Azure is a growing collection of integrated cloud services—analytics, computing, database, mobile, networking, storage, and web. Services are the building blocks for your solutions on Azure.;ROOT;FALSO;0;Lower right of stencil;Any;Any;;
Azure Alerts;IT;458c5aaf-b849-421c-a237-746337f12057;Alerts proactively notify you when important conditions are found in your monitoring data.;GE.AS;Azure Service;Microsoft Azure is a growing collection of integrated cloud services—analytics, computing, database, mobile, networking, storage, and web. Services are the building blocks for your solutions on Azure.;ROOT;FALSO;0;Lower right of stencil;Any;Any;;
AzureDevOps;IT;SE.AS.TMCore.AzureDevOps;Set up your Team Services account in the cloud. Manage account access, billing, and purchases.;GE.AS;Azure Service;Microsoft Azure is a growing collection of integrated cloud services—analytics, computing, database, mobile, networking, storage, and web. Services are the building blocks for your solutions on Azure.;ROOT;FALSO;0;Lower right of stencil;Any;Any;;
Azure DevOps Artifacts;IT;354791ad-c9ce-4457-88e1-616ffaaab93e;With Azure Artifacts you can create and share Maven, npm, and NuGet package feeds from public and private sources with teams of any size.;GE.AS;Azure Service;Microsoft Azure is a growing collection of integrated cloud services—analytics, computing, database, mobile, networking, storage, and web. Services are the building blocks for your solutions on Azure.;ROOT;FALSO;0;Lower right of stencil;Any;Any;;
Azure DevOps Boards;IT;281d2f20-297b-41b3-9b6f-1d677836d9eb;With the Azure Boards web service, teams can manage their software projects.;GE.AS;Azure Service;Microsoft Azure is a growing collection of integrated cloud services—analytics, computing, database, mobile, networking, storage, and web. Services are the building blocks for your solutions on Azure.;ROOT;FALSO;0;Lower right of stencil;Any;Any;;
Azure DevOps Pipelines;IT;7fcf95f2-d72d-4472-834e-e0bcb1c03853;Azure Pipelines is a cloud service that you can use to automatically build and test your code project and make it available to other users.;GE.AS;Azure Service;Microsoft Azure is a growing collection of integrated cloud services—analytics, computing, database, mobile, networking, storage, and web. Services are the building blocks for your solutions on Azure.;ROOT;FALSO;0;Lower right of stencil;Any;Any;;
Azure DevOps Repos;IT;6f7b4b59-5273-4eee-8c7c-884d5295ae9e;Azure Repos is a set of version control tools that you can use to manage your code.;GE.AS;Azure Service;Microsoft Azure is a growing collection of integrated cloud services—analytics, computing, database, mobile, networking, storage, and web. Services are the building blocks for your solutions on Azure.;ROOT;FALSO;0;Lower right of stencil;Any;Any;;
Azure Event Hub;IT;SE.AS.TMCore.AzureEventHub;Event Hubs is a highly scalable data ingress service that can ingest millions of events per second so that you can process and analyze the massive amounts of data produced by your connected devices and applications.;GE.AS;Azure Service;Microsoft Azure is a growing collection of integrated cloud services—analytics, computing, database, mobile, networking, storage, and web. Services are the building blocks for your solutions on Azure.;ROOT;FALSO;0;Lower right of stencil;Any;Any;;
Azure Integration Runtime;IT;SE.AS.TMCore.AzureIntegrationRuntime;The Integration Runtime (IR) is the compute infrastructure used by Azure Data Factory to provide data integration capabilities across different network environments.;GE.AS;Azure Service;Microsoft Azure is a growing collection of integrated cloud services—analytics, computing, database, mobile, networking, storage, and web. Services are the building blocks for your solutions on Azure.;ROOT;FALSO;0;Lower right of stencil;Any;Any;;
Azure Kubernetes Service;IT;SE.AS.TMCore.AzureKubernetesService;Azure Kubernetes Service (AKS) manages your hosted Kubernetes environment, making it quick and easy to deploy and manage containerized applications without container orchestration expertise.;GE.AS;Azure Service;Microsoft Azure is a growing collection of integrated cloud services—analytics, computing, database, mobile, networking, storage, and web. Services are the building blocks for your solutions on Azure.;ROOT;FALSO;0;Lower right of stencil;Any;Any;;
Azure Sentinal;IT;89dba5a3-3ee4-4b10-91c0-1b51940e7527;Microsoft Azure Sentinel is a scalable, cloud-native, security information event management (SIEM) and security orchestration automated response (SOAR) solution.;GE.AS;Azure Service;Microsoft Azure is a growing collection of integrated cloud services—analytics, computing, database, mobile, networking, storage, and web. Services are the building blocks for your solutions on Azure.;ROOT;FALSO;0;Lower right of stencil;Any;Any;;
Batch;IT;SE.AS.TMCore.Batch;Azure Batch lets you run large-scale parallel and high-performance computing (HPC) applications efficiently in the cloud.;GE.AS;Azure Service;Microsoft Azure is a growing collection of integrated cloud services—analytics, computing, database, mobile, networking, storage, and web. Services are the building blocks for your solutions on Azure.;ROOT;FALSO;0;Lower right of stencil;Any;Any;;
Biztalk Services;IT;SE.AS.TMCore.BiztalkServices;BizTalk Services provides cloud to on-premises and line-of-business application integration for SAP, Oracle EBS, SQL Server, and PeopleSoft.;GE.AS;Azure Service;Microsoft Azure is a growing collection of integrated cloud services—analytics, computing, database, mobile, networking, storage, and web. Services are the building blocks for your solutions on Azure.;ROOT;FALSO;0;Lower right of stencil;Any;Any;;
Cloud Services;IT;SE.AS.TMCore.CloudServices;Cloud Services is an example of a Platform-as-a-Service (PaaS) implementation. It is designed to support applications that are scalable, reliable, and cost-effective to operate.;GE.AS;Azure Service;Microsoft Azure is a growing collection of integrated cloud services—analytics, computing, database, mobile, networking, storage, and web. Services are the building blocks for your solutions on Azure.;ROOT;FALSO;0;Lower right of stencil;Any;Any;;
Event Grid;IT;SE.AS.TMCore.EventGrid;Azure Event Grid is a fully-managed intelligent event routing service that allows for uniform event consumption using a publish-subscribe model.;GE.AS;Azure Service;Microsoft Azure is a growing collection of integrated cloud services—analytics, computing, database, mobile, networking, storage, and web. Services are the building blocks for your solutions on Azure.;ROOT;FALSO;0;Lower right of stencil;Any;Any;;
Functions;IT;SE.AS.TMCore.Functions;"Azure Functions is a solution for easily running small pieces of code (""functions"") in the cloud.";GE.AS;Azure Service;Microsoft Azure is a growing collection of integrated cloud services—analytics, computing, database, mobile, networking, storage, and web. Services are the building blocks for your solutions on Azure.;ROOT;FALSO;0;Lower right of stencil;Any;Any;;
HockeyApp;IT;SE.AS.TMCore.HockeyApp;Mobile Center has all of the lifecycle and cloud services you need to ship high-quality apps faster and will become the next generation of HockeyApp.;GE.AS;Azure Service;Microsoft Azure is a growing collection of integrated cloud services—analytics, computing, database, mobile, networking, storage, and web. Services are the building blocks for your solutions on Azure.;ROOT;FALSO;0;Lower right of stencil;Any;Any;;
Information Protection;IT;SE.AS.TMCore.InformationProtection;Azure policy definition to protect sensitive data.;GE.AS;Azure Service;Microsoft Azure is a growing collection of integrated cloud services—analytics, computing, database, mobile, networking, storage, and web. Services are the building blocks for your solutions on Azure.;ROOT;FALSO;0;Lower right of stencil;Any;Any;;
Key Vault;IT;SE.AS.TMCore.KeyVault;Azure Key Vault helps safeguard cryptographic keys and secrets used by cloud applications and services.;GE.AS;Azure Service;Microsoft Azure is a growing collection of integrated cloud services—analytics, computing, database, mobile, networking, storage, and web. Services are the building blocks for your solutions on Azure.;ROOT;FALSO;0;Lower right of stencil;Any;Any;;
Log Analytics;IT;SE.AS.TMCore.LogAnalytics;Log Analytics is a service in Operations Management Suite (OMS) that helps you collect and analyze data generated by resources in your cloud and on-premises environments.;GE.AS;Azure Service;Microsoft Azure is a growing collection of integrated cloud services—analytics, computing, database, mobile, networking, storage, and web. Services are the building blocks for your solutions on Azure.;ROOT;FALSO;0;Lower right of stencil;Any;Any;;
LogicApp;IT;SE.AS.TMCore.LogicApp;Logic Apps provide a way to simplify and implement scalable integrations and workflows in the cloud. It provides a visual designer to model and automate your process as a series of steps known as a workflow.;GE.AS;Azure Service;Microsoft Azure is a growing collection of integrated cloud services—analytics, computing, database, mobile, networking, storage, and web. Services are the building blocks for your solutions on Azure.;ROOT;FALSO;0;Lower right of stencil;Any;Any;;
Multi Factor Authentication;IT;SE.AS.TMCore.MultiFactorAuthentication;Azure Multi-Factor Authentication (MFA) is Microsoft's two-step verification solution.;GE.AS;Azure Service;Microsoft Azure is a growing collection of integrated cloud services—analytics, computing, database, mobile, networking, storage, and web. Services are the building blocks for your solutions on Azure.;ROOT;FALSO;0;Lower right of stencil;Any;Any;;
Mobile Engagement;IT;SE.AS.TMCore.MobileEngagement;Azure Mobile Engagement is a software-as-a-service (SaaS) user-engagement platform that provides data-driven insights into app usage, user segmentation, and enables push notifications and in-app messaging.;GE.AS;Azure Service;Microsoft Azure is a growing collection of integrated cloud services—analytics, computing, database, mobile, networking, storage, and web. Services are the building blocks for your solutions on Azure.;ROOT;FALSO;0;Lower right of stencil;Any;Any;;
Mobile App;IT;SE.AS.TMCore.MobileApp;Mobile Apps in Azure App Service offers a highly scalable, globally available mobile application development platform for Enterprise Developers and System Integrators that brings a rich set of capabilities to mobile developers.;GE.AS;Azure Service;Microsoft Azure is a growing collection of integrated cloud services—analytics, computing, database, mobile, networking, storage, and web. Services are the building blocks for your solutions on Azure.;ROOT;FALSO;0;Lower right of stencil;Any;Any;;
Monitor;IT;SE.AS.TMCore.Monitor;Monitoring and Diagnostics is a distributed systems platform that makes it easy to package, deploy, and manage scalable and reliable microservices and addresses the significant challenges in developing and managing cloud applications.;GE.AS;Azure Service;Microsoft Azure is a growing collection of integrated cloud services—analytics, computing, database, mobile, networking, storage, and web. Services are the building blocks for your solutions on Azure.;ROOT;FALSO;0;Lower right of stencil;Any;Any;;
Notification Hub;IT;SE.AS.TMCore.NotificationHub;Azure Notification Hubs provide an easy-to-use, multi-platform, scaled-out push infrastructure that enables you to send mobile push notifications from any backend (in the cloud or on-premises) to any mobile platform.;GE.AS;Azure Service;Microsoft Azure is a growing collection of integrated cloud services—analytics, computing, database, mobile, networking, storage, and web. Services are the building blocks for your solutions on Azure.;ROOT;FALSO;0;Lower right of stencil;Any;Any;;
Operations Management Suite OMS;IT;SE.AS.TMCore.OMS;Microsoft Operations Management Suite (OMS) is Microsoft's cloud-based IT management solution that helps you manage and protect your on-premises and cloud infrastructure.;GE.AS;Azure Service;Microsoft Azure is a growing collection of integrated cloud services—analytics, computing, database, mobile, networking, storage, and web. Services are the building blocks for your solutions on Azure.;ROOT;FALSO;0;Lower right of stencil;Any;Any;;
Power BI Embedded;IT;SE.AS.TMCore.PowerBIEmbedded;Power BI Embedded is an Azure service that enables application developers to add interactive Power BI reports into their own applications.;GE.AS;Azure Service;Microsoft Azure is a growing collection of integrated cloud services—analytics, computing, database, mobile, networking, storage, and web. Services are the building blocks for your solutions on Azure.;ROOT;FALSO;0;Lower right of stencil;Any;Any;;
Scheduler;IT;SE.AS.TMCore.Scheduler;Azure Scheduler allows you to declaratively describe actions to run in the cloud. It then schedules and runs those actions automatically. Scheduler then maintains a history of job execution results that one can review.;GE.AS;Azure Service;Microsoft Azure is a growing collection of integrated cloud services—analytics, computing, database, mobile, networking, storage, and web. Services are the building blocks for your solutions on Azure.;ROOT;FALSO;0;Lower right of stencil;Any;Any;;
Service Bus;IT;SE.AS.TMCore.ServiceBus;Service Bus provides cloud-enabled communication with enterprise messaging and relayed communication that helps you connect on-premises solutions with the cloud.;GE.AS;Azure Service;Microsoft Azure is a growing collection of integrated cloud services—analytics, computing, database, mobile, networking, storage, and web. Services are the building blocks for your solutions on Azure.;ROOT;FALSO;0;Lower right of stencil;Any;Any;;
Security Center;IT;SE.AS.TMCore.SecurityCenter;Security Center helps you prevent, detect, and respond to threats with increased visibility into and control over the security of your Azure resources.;GE.AS;Azure Service;Microsoft Azure is a growing collection of integrated cloud services—analytics, computing, database, mobile, networking, storage, and web. Services are the building blocks for your solutions on Azure.;ROOT;FALSO;0;Lower right of stencil;Any;Any;;
Service Fabric;IT;SE.AS.TMCore.ServiceFabric;Azure Service Fabric is a distributed systems platform that makes it easy to package, deploy, and manage scalable and reliable microservices.;GE.AS;Azure Service;Microsoft Azure is a growing collection of integrated cloud services—analytics, computing, database, mobile, networking, storage, and web. Services are the building blocks for your solutions on Azure.;ROOT;FALSO;0;Lower right of stencil;Any;Any;;
Site Recovery;IT;SE.AS.TMCore.SiteRecovery;Azure Site Recovery contributes to your business continuity and disaster recovery (BCDR) strategy by orchestrating replication of on-premises virtual machines and physical servers.;GE.AS;Azure Service;Microsoft Azure is a growing collection of integrated cloud services—analytics, computing, database, mobile, networking, storage, and web. Services are the building blocks for your solutions on Azure.;ROOT;FALSO;0;Lower right of stencil;Any;Any;;
Web API;IT;SE.AS.TMCore.WebAPI;Web API;GE.AS;Azure Service;Microsoft Azure is a growing collection of integrated cloud services—analytics, computing, database, mobile, networking, storage, and web. Services are the building blocks for your solutions on Azure.;ROOT;FALSO;0;Lower right of stencil;Any;Any;;
Web Application;IT;SE.P.TMCore.WebApp;Web Application;GE.AS;Azure Service;Microsoft Azure is a growing collection of integrated cloud services—analytics, computing, database, mobile, networking, storage, and web. Services are the building blocks for your solutions on Azure.;ROOT;FALSO;0;Lower right of stencil;Any;Any;;
Anomaly Detector;IT;cdd153aa-a3a5-4e62-bb6e-180ff8fe4709;Anomaly detection capabilities for Apps;b27835b3-2a89-4c17-8b1a-59f9bc09849f;AI Machine Learning;AI & Machine Learning components and services in Azure;ROOT;FALSO;0;Lower right of stencil;Any;Any;;
Azure Bot Service;IT;SE.AS.TMCore.BotService;Use the Azure Bot Service to accelerate your bot’s development by working in an integrated environment that’s purpose-built for bot development.;b27835b3-2a89-4c17-8b1a-59f9bc09849f;AI Machine Learning;AI & Machine Learning components and services in Azure;ROOT;FALSO;0;Lower right of stencil;Any;Any;;
Azure Cognitive Search;IT;cb59aa73-d800-4ed2-99ce-3221e923f93d;Cloud search over private heterogeneous content, with options for AI enrichment if your content is unstructured or unsearchable in raw form.;b27835b3-2a89-4c17-8b1a-59f9bc09849f;AI Machine Learning;AI & Machine Learning components and services in Azure;ROOT;FALSO;0;Lower right of stencil;Any;Any;;
Cognitive Services;IT;SE.AS.TMCore.CognitiveServices;Cognitive Services is a series of APIs which can be used to enable natural and contextual interaction within your applications. Cognitive Services offers Language, Speech, Vision, Search, and Knowledge APIs.;b27835b3-2a89-4c17-8b1a-59f9bc09849f;AI Machine Learning;AI & Machine Learning components and services in Azure;ROOT;FALSO;0;Lower right of stencil;Any;Any;;
Cognitive Services Multi Service Account;IT;48f8b568-201d-4c83-8e36-37da7ab4a64f;Add multiple cognitive services to your application.;b27835b3-2a89-4c17-8b1a-59f9bc09849f;AI Machine Learning;AI & Machine Learning components and services in Azure;ROOT;FALSO;0;Lower right of stencil;Any;Any;;
Computer Vision;IT;95c7caa3-144c-4020-a940-99c4a82dede4;Analyze content in images and videos.;b27835b3-2a89-4c17-8b1a-59f9bc09849f;AI Machine Learning;AI & Machine Learning components and services in Azure;ROOT;FALSO;0;Lower right of stencil;Any;Any;;
Content Moderator;IT;01574093-858c-44f7-bbcb-d91f50cda4a1;Detect potentially offensive or unwanted content.;b27835b3-2a89-4c17-8b1a-59f9bc09849f;AI Machine Learning;AI & Machine Learning components and services in Azure;ROOT;FALSO;0;Lower right of stencil;Any;Any;;
Custom Vision;IT;7be8eae2-d026-49d2-aaa2-0d464dc9b3ce;Customize image recognition to fit your business.;b27835b3-2a89-4c17-8b1a-59f9bc09849f;AI Machine Learning;AI & Machine Learning components and services in Azure;ROOT;FALSO;0;Lower right of stencil;Any;Any;;
Face API;IT;81e4eadc-d76b-4ff6-96ee-2d3ab0982723;Detect and identify people and emotions in images.;b27835b3-2a89-4c17-8b1a-59f9bc09849f;AI Machine Learning;AI & Machine Learning components and services in Azure;ROOT;FALSO;0;Lower right of stencil;Any;Any;;
Form Recognizer;IT;0ea4615e-eb19-44e3-845a-0cff15521d67;Turn documents into usable data at a fraction of the time and cost.;b27835b3-2a89-4c17-8b1a-59f9bc09849f;AI Machine Learning;AI & Machine Learning components and services in Azure;ROOT;FALSO;0;Lower right of stencil;Any;Any;;
Immersive Reader;IT;ed80b231-dc61-4119-99f8-9d52e42063fc;Help users read and comprehend text.;b27835b3-2a89-4c17-8b1a-59f9bc09849f;AI Machine Learning;AI & Machine Learning components and services in Azure;ROOT;FALSO;0;Lower right of stencil;Any;Any;;
Language Services;IT;218d8ecb-c235-4601-bb4a-456bb1180b5f;Build apps with industry-leading natural language understanding capabilities.;b27835b3-2a89-4c17-8b1a-59f9bc09849f;AI Machine Learning;AI & Machine Learning components and services in Azure;ROOT;FALSO;0;Lower right of stencil;Any;Any;;
Language Understanding;IT;064fb588-ca4e-4e8f-8cb6-9bd4aa2b9733;Understand natural language in your apps.;b27835b3-2a89-4c17-8b1a-59f9bc09849f;AI Machine Learning;AI & Machine Learning components and services in Azure;ROOT;FALSO;0;Lower right of stencil;Any;Any;;
Machine Learning;IT;SE.AS.TMCore.MachineLearning;Azure Machine Learning provides tools to model predictive analytics as well as a fully managed service you can use to deploy your predictive models as ready-to-consume web services.;b27835b3-2a89-4c17-8b1a-59f9bc09849f;AI Machine Learning;AI & Machine Learning components and services in Azure;ROOT;FALSO;0;Lower right of stencil;Any;Any;;
Metrics Advisor;IT;30ee020d-9b7a-4ba3-9ddc-106914db9d8f;Proactively monitor metrics and diagnose issues.;b27835b3-2a89-4c17-8b1a-59f9bc09849f;AI Machine Learning;AI & Machine Learning components and services in Azure;ROOT;FALSO;0;Lower right of stencil;Any;Any;;
Personalizer;IT;5ae4d732-00c6-4003-85e7-37597b388942;Detect potentially offensive or unwanted content.;b27835b3-2a89-4c17-8b1a-59f9bc09849f;AI Machine Learning;AI & Machine Learning components and services in Azure;ROOT;FALSO;0;Lower right of stencil;Any;Any;;
QnA Maker;IT;e43d84f6-5db6-4a57-94d9-620bceec8013;Distill information into easy-to-navigate questions and answers.;b27835b3-2a89-4c17-8b1a-59f9bc09849f;AI Machine Learning;AI & Machine Learning components and services in Azure;ROOT;FALSO;0;Lower right of stencil;Any;Any;;
Speech Services;IT;d4fa6793-ac12-4409-bae1-81c788875c91;Speech to text, text to speech, translation and speaker recognition.;b27835b3-2a89-4c17-8b1a-59f9bc09849f;AI Machine Learning;AI & Machine Learning components and services in Azure;ROOT;FALSO;0;Lower right of stencil;Any;Any;;
Translator;IT;95d4d4e4-bee7-4eb3-8a00-c3cfbea99319;Translate more than 100 languages and dialects.;b27835b3-2a89-4c17-8b1a-59f9bc09849f;AI Machine Learning;AI & Machine Learning components and services in Azure;ROOT;FALSO;0;Lower right of stencil;Any;Any;;
Video Analyzer;IT;18f4fd4f-135a-4cda-8885-0bb1a2d88a45;Extract actionable insights from your videos.;b27835b3-2a89-4c17-8b1a-59f9bc09849f;AI Machine Learning;AI & Machine Learning components and services in Azure;ROOT;FALSO;0;Lower right of stencil;Any;Any;;
Analysis Services;IT;SE.DS.TMCore.AnalysisServices;Built on the proven analytics engine in Microsoft SQL Server Analysis Services, Azure Analysis Services provides enterprise-grade data modeling in the cloud.;GE.DS;Azure Data Service;"
Azure Data fabrics and related services.";ROOT;FALSO;0;Lower right of stencil;Any;Any;;
Avere vFXT;IT;SE.DS.TMCore.AverevFXT;Avere vFXT for Azure provides a cloud-based cache layer for data-intensive high performance computing (HPC) tasks.;GE.DS;Azure Data Service;"
Azure Data fabrics and related services.";ROOT;FALSO;0;Lower right of stencil;Any;Any;;
Azure Data Box;IT;SE.DS.TMCore.AzureDataBox;Secure data transfer by shipping you proprietary storage devices that enable offline or over the network data transfer to Azure.;GE.DS;Azure Data Service;"
Azure Data fabrics and related services.";ROOT;FALSO;0;Lower right of stencil;Any;Any;;
Azure Data Explorer;IT;237001e7-0fc5-4091-bddd-bb73b107df29;Azure Data Explorer is a fast, fully managed data analytics service for real-time analysis on large volumes of data streaming from applications, websites, IoT devices, and more.;GE.DS;Azure Data Service;"
Azure Data fabrics and related services.";ROOT;FALSO;0;Lower right of stencil;Any;Any;;
Azure Data Factory;IT;SE.DS.TMCore.AzureDataFactory;Azure Data Factory is a cloud-based data integration service that automates the movement and transformation of data.;GE.DS;Azure Data Service;"
Azure Data fabrics and related services.";ROOT;FALSO;0;Lower right of stencil;Any;Any;;
Azure Data Share;IT;1e9d464b-f96f-47e1-bb96-93df27333c6d;Azure Data Share is a safe and secure service for sharing data with third-party organizations.;GE.DS;Azure Data Service;"
Azure Data fabrics and related services.";ROOT;FALSO;0;Lower right of stencil;Any;Any;;
Azure Database for MariaDB;IT;SE.DS.TMCore.AzureDatabaseforMariaDB;Fully managed, enterprise-ready community MariaDB database as a service for app development and deployment;GE.DS;Azure Data Service;"
Azure Data fabrics and related services.";ROOT;FALSO;0;Lower right of stencil;Any;Any;;
Azure Database for MySQL;IT;SE.DS.TMCore.AzureDatabaseforMySQL;Fully managed, enterprise-ready community MySQL database as a service for app development and deployment;GE.DS;Azure Data Service;"
Azure Data fabrics and related services.";ROOT;FALSO;0;Lower right of stencil;Any;Any;;
Azure Database for PostgreSQL;IT;SE.DS.TMCore.AzureDatabaseforPostgreSQL;Fully managed, enterprise-ready community PostgreSQL database as a service for app development and deployment;GE.DS;Azure Data Service;"
Azure Data fabrics and related services.";ROOT;FALSO;0;Lower right of stencil;Any;Any;;
Azure Databricks;IT;SE.DS.TMCore.AzureDatabricks;Azure Databricks workspace with Spark Cluster;GE.DS;Azure Data Service;"
Azure Data fabrics and related services.";ROOT;FALSO;0;Lower right of stencil;Any;Any;;
Azure Notebooks;IT;SE.DS.TMCore.AzureNotebooks;Pre-configured Jupyter notebooks in the cloud.;GE.DS;Azure Data Service;"
Azure Data fabrics and related services.";ROOT;FALSO;0;Lower right of stencil;Any;Any;;
Azure Open Datasets;IT;b6114c01-3924-403f-bc99-e6f2a78c1060;Azure Open Datasets is curated and cleansed data - including weather, census, and holidays - that you can use with minimal preparation to enrich ML models.;GE.DS;Azure Data Service;"
Azure Data fabrics and related services.";ROOT;FALSO;0;Lower right of stencil;Any;Any;;
Azure Purview Accounts;IT;63084d27-1ffe-4af3-8610-fcf994f76a5e;Maximize the business value of data with Azure Purview, a unified data governance solution.;GE.DS;Azure Data Service;"
Azure Data fabrics and related services.";ROOT;FALSO;0;Lower right of stencil;Any;Any;;
Azure Redis Cache;IT;SE.DS.TMCore.Cache;Azure Redis Cache is based on the popular open-source Redis Cache. It gives you access to a secure dedicated Redis cache managed by Microsoft and accessible from any application within Azure.;GE.DS;Azure Data Service;"
Azure Data fabrics and related services.";ROOT;FALSO;0;Lower right of stencil;Any;Any;;
Azure Search;IT;SE.DS.TMCore.AzureSearch;Cloud Search Service;GE.DS;Azure Data Service;"
Azure Data fabrics and related services.";ROOT;FALSO;0;Lower right of stencil;Any;Any;;
Azure SQL Database Edge;IT;2d020410-d6db-4032-b38f-511f2214eef0;Azure SQL Database Edge is an optimized relational database engine geared for IoT and edge deployments.;GE.DS;Azure Data Service;"
Azure Data fabrics and related services.";ROOT;FALSO;0;Lower right of stencil;Any;Any;;
Azure SQL Database Managed Instance;IT;b62dfb78-d9a6-4849-b4d3-3d3af3ab4a1d;The managed instance deployment option creates a database with near 100% compatibility with the latest SQL Server on-premises (Enterprise Edition) database engine.;GE.DS;Azure Data Service;"
Azure Data fabrics and related services.";ROOT;FALSO;0;Lower right of stencil;Any;Any;;
Azure Storage;IT;SE.DS.TMCore.CloudStorage;Azure Storage is the cloud storage solution for modern applications that rely on durability, availability, and scalability to meet the needs of their customers.;GE.DS;Azure Data Service;"
Azure Data fabrics and related services.";ROOT;FALSO;0;Lower right of stencil;Any;Any;;
Azure Synapse;IT;755003d2-10e7-4b8f-b9e9-b493fce16ae1;Azure Synapse is a limitless analytics service that brings together enterprise data warehousing and Big Data analytics.;GE.DS;Azure Data Service;"
Azure Data fabrics and related services.";ROOT;FALSO;0;Lower right of stencil;Any;Any;;
Backup;IT;SE.DS.TMCore.Backup;Azure Backup is cloud service you can use to back up (or protect) and restore your data in the Microsoft cloud.;GE.DS;Azure Data Service;"
Azure Data fabrics and related services.";ROOT;FALSO;0;Lower right of stencil;Any;Any;;
Configuration File;IT;SE.DS.TMCore.ConfigFile;"
      A configuration file, this includes XML, INI, and INF files.";GE.DS;Azure Data Service;"
Azure Data fabrics and related services.";ROOT;FALSO;0;Lower right of stencil;Any;Any;;
CosmosDB;IT;SE.DS.TMCore.NoSQL;NoSQL service for highly available, globally distributed apps—take full advantage of SQL and JavaScript over document and key-value data without the hassles of on-premises or virtual machine-based cloud database options.;GE.DS;Azure Data Service;"
Azure Data fabrics and related services.";ROOT;FALSO;0;Lower right of stencil;Any;Any;;
Data Catalog;IT;SE.DS.TMCore.DataCatalog;Azure Data Catalog is a fully managed cloud service whose users can discover the data sources they need and understand the data sources they find.;GE.DS;Azure Data Service;"
Azure Data fabrics and related services.";ROOT;FALSO;0;Lower right of stencil;Any;Any;;
Data Lake Analytics;IT;SE.DS.TMCore.DataLakeAnalytics;Azure Data Lake Analytics is an on-demand analytics job service that simplifies big data.;GE.DS;Azure Data Service;"
Azure Data fabrics and related services.";ROOT;FALSO;0;Lower right of stencil;Any;Any;;
Data Lake Store;IT;SE.DS.TMCore.DataLakeStore;Azure Data Lake Storage is an enterprise-wide hyper-scale repository for big data analytic workloads.;GE.DS;Azure Data Service;"
Azure Data fabrics and related services.";ROOT;FALSO;0;Lower right of stencil;Any;Any;;
Database;IT;SE.DS.TMCore.SQL;Represents a Database in Azure;GE.DS;Azure Data Service;"
Azure Data fabrics and related services.";ROOT;FALSO;0;Lower right of stencil;Any;Any;;
Device;IT;SE.DS.TMCore.Device;"
      A representation of device local storage.";GE.DS;Azure Data Service;"
Azure Data fabrics and related services.";ROOT;FALSO;0;Lower right of stencil;Any;Any;;
Files;IT;SE.DS.TMCore.FS;Use Azure Files with virtual machines to mount a shared file system using the SMB protocol. Your VMs can access the file system using standard Windows file APIs (CreateFile, ReadFile, WriteFile, etc.).;GE.DS;Azure Data Service;"
Azure Data fabrics and related services.";ROOT;FALSO;0;Lower right of stencil;Any;Any;;
HDInsight;IT;SE.DS.TMCore.Cookie;Azure HDInsight is an Apache Hadoop distribution powered by the cloud. Azure HDInsight makes the Hadoop components from the Hortonworks Data Platform (HDP) distribution available in the cloud, and deploys and provisions managed clusters with reliability and availability.;GE.DS;Azure Data Service;"
Azure Data fabrics and related services.";ROOT;FALSO;0;Lower right of stencil;Any;Any;;
Media Services;IT;SE.DS.TMCore.MediaServices;Azure Media Services is an extensible cloud-based platform that enables developers to build scalable media management and delivery applications.;GE.DS;Azure Data Service;"
Azure Data fabrics and related services.";ROOT;FALSO;0;Lower right of stencil;Any;Any;;
SQL Data Warehouse;IT;SE.DS.TMCore.HTML5LS;Azure SQL Data Warehouse combines the SQL Server relational database with Azure cloud scale-out capabilities. Built on our massively parallel processing (MPP) architecture, SQL Data Warehouse can handle your enterprise workload.;GE.DS;Azure Data Service;"
Azure Data fabrics and related services.";ROOT;FALSO;0;Lower right of stencil;Any;Any;;
Stream Analytics;IT;SE.AS.TMCore.StreamAnalytics;Azure Stream Analytics is a fully managed real-time event processing engine that helps to unlock deep insights from data.;GE.DS;Azure Data Service;"
Azure Data fabrics and related services.";ROOT;FALSO;0;Lower right of stencil;Any;Any;;
StorSimple;IT;SE.DS.TMCore.StorSimple;StorSimple and Microsoft Azure offer a unique and integrated primary storage archival and disaster recovery solution with Azure as the extension of on-premises storage.;GE.DS;Azure Data Service;"
Azure Data fabrics and related services.";ROOT;FALSO;0;Lower right of stencil;Any;Any;;
Application Gateway;IT;SE.AA.TMCore.ApplicationGateway;Azure Application Gateway provides Application Deliver Controller (ADC) as a service.;45a3e942-4da4-4235-920e-a13a5b89590c;Azure Networking Asset;Azure Networking Components and Services.;ROOT;FALSO;0;Lower right of stencil;Any;Any;;
Azure Firewall;IT;SE.AA.TMCore.AzureFirewall;Cloud Security;45a3e942-4da4-4235-920e-a13a5b89590c;Azure Networking Asset;Azure Networking Components and Services.;ROOT;FALSO;0;Lower right of stencil;Any;Any;;
Azure Firewall Manager;IT;95e20fa3-9e6e-45f1-82f7-53e533360f64;Azure Firewall Manager is a security management service that provides central security policy and route management for cloud-based security perimeters.;45a3e942-4da4-4235-920e-a13a5b89590c;Azure Networking Asset;Azure Networking Components and Services.;ROOT;FALSO;0;Lower right of stencil;Any;Any;;
Azure Virtual WAN;IT;SE.AA.TMCore.AzureVirtualWAN;Virtual WAN in the cloud;45a3e942-4da4-4235-920e-a13a5b89590c;Azure Networking Asset;Azure Networking Components and Services.;ROOT;FALSO;0;Lower right of stencil;Any;Any;;
Load Balancer;IT;SE.AA.TMCore.LoadBalancer;Azure Load Balancer delivers high availability and network performance to your applications;45a3e942-4da4-4235-920e-a13a5b89590c;Azure Networking Asset;Azure Networking Components and Services.;ROOT;FALSO;0;Lower right of stencil;Any;Any;;
DNS;IT;SE.AA.TMCore.DNS;Azure DNS (Domain Name System) is a service for DNS domains provide name resolution using Microsoft Azure infrastructure.;45a3e942-4da4-4235-920e-a13a5b89590c;Azure Networking Asset;Azure Networking Components and Services.;ROOT;FALSO;0;Lower right of stencil;Any;Any;;
Network Watcher;IT;SE.AS.TMCore.NetworkWatcher;Network Watcher is designed to monitor and repair the network health of Infrastructure as a Service products, which include Virtual Machines, Virtual Networks, Application Gateways, Load Balancers, etc.;45a3e942-4da4-4235-920e-a13a5b89590c;Azure Networking Asset;Azure Networking Components and Services.;ROOT;FALSO;0;Lower right of stencil;Any;Any;;
Network Interface;IT;d3ccbf37-b2cc-4f76-9c8c-767d17467286;A network interface enables a virtual machine to communicate with Internet, Azure, and on-premises resources.;45a3e942-4da4-4235-920e-a13a5b89590c;Azure Networking Asset;Azure Networking Components and Services.;ROOT;FALSO;0;Lower right of stencil;Any;Any;;
Public IP Prefixes;IT;1ac57aa2-077f-4c3f-8b99-e386d9f80066;A public IP address prefix is a reserved range of public IP addresses in Azure.;45a3e942-4da4-4235-920e-a13a5b89590c;Azure Networking Asset;Azure Networking Components and Services.;ROOT;FALSO;0;Lower right of stencil;Any;Any;;
Traffic Manager;IT;SE.AS.TMCore.TrafficManager;Azure Traffic Manager allows you to control the distribution of user traffic for service endpoints in different regions.;45a3e942-4da4-4235-920e-a13a5b89590c;Azure Networking Asset;Azure Networking Components and Services.;ROOT;FALSO;0;Lower right of stencil;Any;Any;;
VPN Gateway;IT;SE.AA.TMCore.VPNGateway;Azure VPN Gateway is a virtual private network (VPN) gateway used to send network traffic between Azure virtual networks and on-premises locations and also between virtual networks within Azure (VNet-to-VNet).;45a3e942-4da4-4235-920e-a13a5b89590c;Azure Networking Asset;Azure Networking Components and Services.;ROOT;FALSO;0;Lower right of stencil;Any;Any;;
IoT Central;IT;SE.ID.TMCore.IoTCentral;SaaS for IoT;GE.ID;IoT Devices;Internet of Things Devices;ROOT;FALSO;0;Lower right of stencil;Any;Any;;
IoT Device;IT;SE.ID.TMCore.IoTDevice;An IoT client agent which generates and sends telemetry data to the cloud, and receives messages from the cloud;GE.ID;IoT Devices;Internet of Things Devices;ROOT;FALSO;0;Lower right of stencil;Any;Any;;
IoT Hub;IT;SE.ID.TMCore.IoTHub;Azure IoT Hub is a fully managed service that enables reliable and secure bidirectional communications between millions of IoT devices and a solution back end.;GE.ID;IoT Devices;Internet of Things Devices;ROOT;FALSO;0;Lower right of stencil;Any;Any;;
Azure Digital Twins;IT;SE.ID.TMCore.AzureDigitalTwins;Digital Replicas of spaces and infrastructure.;GE.ID;IoT Devices;Internet of Things Devices;ROOT;FALSO;0;Lower right of stencil;Any;Any;;
Authorization Provider;IT;SE.EI.TMCore.AuthProvider;"
      A representation of an external authorization provider.";GE.EI;Generic External Interactor;"
      A representation of an external interactor.";ROOT;FALSO;0;Lower right of stencil;Any;Any;;
Browser;IT;SE.EI.TMCore.Browser;Web Browser Client;GE.EI;Generic External Interactor;"
      A representation of an external interactor.";ROOT;FALSO;0;Lower right of stencil;Any;Any;;
Dynamics CRM Mobile Client;IT;SE.EI.TMCore.DynamicsCRMMobileClient;A representation of Dynamics CRM Mobile Client Applications;GE.EI;Generic External Interactor;"
      A representation of an external interactor.";ROOT;FALSO;0;Lower right of stencil;Any;Any;;
Human User;IT;SE.EI.TMCore.HumanUser;A human user of the system;GE.EI;Generic External Interactor;"
      A representation of an external interactor.";ROOT;FALSO;0;Lower right of stencil;Any;Any;;
Megaservice;IT;SE.EI.TMCore.Megasevrice;"
      A large service that has only one instance on the Internet, for example, Outlook.com and Xbox Live.";GE.EI;Generic External Interactor;"
      A representation of an external interactor.";ROOT;FALSO;0;Lower right of stencil;Any;Any;;
Mobile Client;IT;SE.EI.TMCore.MobileClient;A representation of a Mobile Client Application (Mobile App);GE.EI;Generic External Interactor;"
      A representation of an external interactor.";ROOT;FALSO;0;Lower right of stencil;Any;Any;;
Dynamics CRM Outlook Client;IT;SE.EI.TMCore.DynamicsCRMOutlookClient;A representation of Dynamics CRM Outlook Client;GE.EI;Generic External Interactor;"
      A representation of an external interactor.";ROOT;FALSO;0;Lower right of stencil;Any;Any;;
Salesforce;IT;SE.CS.TMCore.Salesforce;A representation of Saslesforce;GE.CS;Cloud SaaS Services;A representation of a Cloud Software as a Serice endpoint;ROOT;FALSO;0;Lower right of stencil;Any;Any;;
Splunk;IT;0059ca3e-f25c-4e8c-bc4c-75b578f59c11;Extensible data platform powers unified security, full-stack observability and limitless custom applications.;GE.CS;Cloud SaaS Services;A representation of a Cloud Software as a Serice endpoint;ROOT;FALSO;0;Lower right of stencil;Any;Any;;
ADFS;IT;SE.AA.TMCore.ADFS;A representation of Active Directory Federation Services (ADFS) Server;GE.AA;Azure Asset;Microsoft Azure is a growing collection of integrated cloud services—analytics, computing, database, mobile, networking, storage, and web. Assets are considered foundational or infrasture services or compements that provide the scafolding for your Cloud Services.;ROOT;FALSO;0;Centered on stencil;Any;Any;;
Azure AD;IT;SE.AA.TMCore.AzureAD;Azure Active Directory;GE.AA;Azure Asset;Microsoft Azure is a growing collection of integrated cloud services—analytics, computing, database, mobile, networking, storage, and web. Assets are considered foundational or infrasture services or compements that provide the scafolding for your Cloud Services.;ROOT;FALSO;0;Centered on stencil;Any;Any;;
Azure Portal;IT;SE.AS.TMCore.AzurePortal;A representation of Azure  Portal;GE.AS;Azure Service;Microsoft Azure is a growing collection of integrated cloud services—analytics, computing, database, mobile, networking, storage, and web. Services are the building blocks for your solutions on Azure.;ROOT;FALSO;0;Centered on stencil;Any;Any;;
CDN;IT;SE.DF.TMCore.CDN;Azure Content Delivery Network (CDN) provides developers a global solution for delivering high-bandwidth content that is hosted in Azure or any other location.;GE.DS;Azure Data Service;"
Azure Data fabrics and related services.";ROOT;FALSO;0;Before label;Any;Any;;
Azure Firewall Boundary;IT;SE.ATB.B.TMCore.AzureFirewallBoundary;Azure network security service boundary;c1ab3a0e-08e2-4a9e-a3ed-75f12f43b93a;Azure Networking Boundary;A border representation of a network boundary within Azure.;ROOT;FALSO;0;Before label;Any;Any;;
Azure Front Door;IT;2c05a5c2-d4f9-45f5-9fee-ddff619b223c;Deliver optimized user experiences with a modern content delivery network (CDN) service;798384fa-4c77-4b7c-b4dc-82885c8d5bed;Azure Networking Flow;Core Azure Flow Networking Services.;ROOT;FALSO;0;Before label;Any;Any;;
IoT Cloud Gateway;IT;SE.ID.TMCore.IoTCloudGateway;A high-scale service enabling secure bidirectional communication from variety of devices.;GE.ID;IoT Devices;Internet of Things Devices;ROOT;FALSO;0;Centered on stencil;Any;Any;;
IoT Edge;IT;SE.ID.TMCore.IoTEdge;"Azure IoT Edge is an Internet of Things (IoT) service that builds on top of IoT Hub. This service is meant for customers who want to analyze data on devices, a.k.a. ""at the edge"", instead of in the cloud.";GE.ID;IoT Devices;Internet of Things Devices;ROOT;FALSO;0;Centered below label;Any;Any;;
IoT Field Gateway;IT;SE.ID.TMCore.IoTFieldGateway;A specialized device that acts as a communication enabler between an IoT device and a cloud backend;GE.ID;IoT Devices;Internet of Things Devices;ROOT;FALSO;0;Centered on stencil;Any;Any;;
Azure IaaS VM Trust Boundary;IT;SE.ATB.B.TMCore.AzureIaaSVMTrustBoundary;A representation of Azure IaaS VM Trust Boundary;GE.ATB.B;Azure Trust Border Boundary;A border representation of a trust boundary within Azure.;ROOT;FALSO;0;Before label;Any;Any;;
Azure Trust Boundary;IT;SE.ATB.B.TMCore.AzureTrustBoundary;A border representation of Azure Trust Boundary, also referred to as Azure Services Zone;GE.ATB.B;Azure Trust Border Boundary;A border representation of a trust boundary within Azure.;ROOT;FALSO;0;Before label;Any;Any;;
IoT Cloud Gateway Zone;IT;SE.ATB.B.TMCore.IoTCloudGatewayZone;A border representation of a  Cloud Gateway Zone, also referred to as Cloud Gateway Trust Boundary;GE.ATB.B;Azure Trust Border Boundary;A border representation of a trust boundary within Azure.;ROOT;FALSO;0;Before label;Any;Any;;
IoT Device Zone;IT;SE.ATB.B.TMCore.IoTDeviceZone;A border representation of a Device Zone, also referred to as Device Trust Boundary;GE.ATB.B;Azure Trust Border Boundary;A border representation of a trust boundary within Azure.;ROOT;FALSO;0;Before label;Any;Any;;
IoT Field Gateway Zone;IT;SE.ATB.B.TMCore.IoTFieldGatewayZone;A border representation of a Field Gateway Zone, also referred to as Field Gateway Trust Boundary;GE.ATB.B;Azure Trust Border Boundary;A border representation of a trust boundary within Azure.;ROOT;FALSO;0;Before label;Any;Any;;
Management Group Trust Boundary;IT;SE.ATB.B.TMCore.ManagementGroupTrustBoundary;Azure Management groups provide a level of scope above subscriptions.;GE.ATB.B;Azure Trust Border Boundary;A border representation of a trust boundary within Azure.;ROOT;FALSO;0;Before label;Any;Any;;
Service Fabric Trust Boundary;IT;SE.ATB.B.TMCore.ServiceFabricTrustBoundary;A representation of Service Fabric Cluster for stand-alone or cloud environments;GE.ATB.B;Azure Trust Border Boundary;A border representation of a trust boundary within Azure.;ROOT;FALSO;0;Before label;Any;Any;;
Azure Internet Boundary;IT;SE.ATB.L.TMCore.AzureInternetBoundary;An arc representation of an Internet trust boundary.;GE.ATB.L;Azure Trust Line Boundary;An arc representation of a trust boundary within Azure.;ROOT;FALSO;0;Before label;Any;Any;;
Azure Service Boundary;IT;SE.ATB.L.TMCore.AzureServiceBoundary;An arc representation of an Azure Service trust boundary.;GE.ATB.L;Azure Trust Line Boundary;An arc representation of a trust boundary within Azure.;ROOT;FALSO;0;Before label;Any;Any;;
Container Boundary;IT;SE.ATB.L.TMCore.ContainerBoundary;A border representation for an Azure  Container boundary.;GE.ATB.L;Azure Trust Line Boundary;An arc representation of a trust boundary within Azure.;ROOT;FALSO;0;Before label;Any;Any;;
Virtual Machine Boundary;IT;SE.ATB.L.TMCore.VirtualMachineBoundary;An arc representation of a virtual machine trust boundary.;GE.ATB.L;Azure Trust Line Boundary;An arc representation of a trust boundary within Azure.;ROOT;FALSO;0;Before label;Any;Any;;
Applications Running on a non Microsoft OS;IT;SE.P.TMCore.NonMS;"
      Microsoft applications running on operating systems from Google or Apple.";GE.P;Generic Process;A representation of a generic process.;ROOT;FALSO;0;Centered on stencil;Any;Any;;
Browser Client;IT;SE.P.TMCore.BrowserClient;"
      A representation of a browser client.";GE.P;Generic Process;A representation of a generic process.;ROOT;FALSO;0;Centered on stencil;Any;Any;;
Host;IT;SE.P.TMCore.Host;A representation of a machine e.g., on-prem or azure server that hosts an application;GE.P;Generic Process;A representation of a generic process.;ROOT;FALSO;0;Centered below label;Any;Any;;
Identity Server;IT;SE.P.TMCore.IdentityServer;A representation of Identity Server;GE.P;Generic Process;A representation of a generic process.;ROOT;FALSO;0;Centered on stencil;Any;Any;;
Native Application;IT;SE.P.TMCore.WinApp;"
      A representation of a Win32 or Win64 application.";GE.P;Generic Process;A representation of a generic process.;ROOT;FALSO;0;Centered on stencil;Any;Any;;
Managed Application;IT;SE.P.TMCore.NetApp;"
      A representation of a .NET Web application.";GE.P;Generic Process;A representation of a generic process.;ROOT;FALSO;0;Centered on stencil;Any;Any;;
OS Process;IT;SE.P.TMCore.OSProcess;"
      A Windows Process.";GE.P;Generic Process;A representation of a generic process.;ROOT;FALSO;0;Centered on stencil;Any;Any;;
Thick Client;IT;SE.P.TMCore.ThickClient;"
      A representation of a thick client.";GE.P;Generic Process;A representation of a generic process.;ROOT;FALSO;0;Centered on stencil;Any;Any;;
Virtual Machine;IT;SE.P.TMCore.VM;"
      A virtual machine running in a Hyper-V partition.";GE.P;Generic Process;A representation of a generic process.;ROOT;FALSO;0;Centered on stencil;Any;Any;;
WCF;IT;SE.P.TMCore.WCF;Windows Communication Foundation WCF is Microsoft s unified programming model for building service oriented applications.;GE.P;Generic Process;A representation of a generic process.;ROOT;FALSO;0;Centered on stencil;Any;Any;;
AMQP;IT;SE.DF.TMCore.AMQP;The Advanced Message Queuing Protocol (AMQP) is an open standard application layer protocol for message-oriented middleware. The defining features of AMQP are message orientation, queuing, routing (including point-to-point and publish-and-subscribe), reliability and security.[;GE.DF;Data Flow; A unidirectional representation of the flow of data between elements.;ROOT;FALSO;0;Before label;Any;Any;;
ExpressRoute;IT;SE.DF.TMCore.ExpressRoute;Azure ExpressRoute lets you extend your on-premises networks into the Microsoft cloud over a dedicated private connection facilitated by a connectivity provider.;GE.DF;Data Flow; A unidirectional representation of the flow of data between elements.;ROOT;FALSO;0;Before label;Any;Any;;
HTTPS;IT;SE.DF.TMCore.HTTPS;A representation of an HTTPS data flow.;GE.DF;Data Flow; A unidirectional representation of the flow of data between elements.;ROOT;FALSO;0;Before label;Any;Any;;
Request;IT;SE.DF.TMCore.Request;Represents a request from a source to a target.;GE.DF;Data Flow; A unidirectional representation of the flow of data between elements.;ROOT;FALSO;0;Before label;Any;Any;;
Response;IT;SE.DF.TMCore.Response;Represents a response from a target to a source;GE.DF;Data Flow; A unidirectional representation of the flow of data between elements.;ROOT;FALSO;0;Before label;Any;Any;;
TLS;IT;SE.DF.TMCore.TLS;Transport Layer Security (TLS) – and its predecessor, Secure Sockets Layer (SSL) are cryptographic protocols that provide communications security over a computer network.;GE.DF;Data Flow; A unidirectional representation of the flow of data between elements.;ROOT;FALSO;0;Before label;Any;Any;;
UDP;IT;SE.DF.TMCore.UDP;"
      User Data Protocol Transport.";GE.DF;Data Flow; A unidirectional representation of the flow of data between elements.;ROOT;FALSO;0;Before label;Any;Any;;
CorpNet Trust Boundary;IT;SE.TB.B.TMCore.CorpNet;"
      A border representation of a corporate network trust boundary.";GE.TB.B;Generic Trust Border Boundary;"
        A border representation of a trust boundary.";ROOT;FALSO;0;Before label;Any;Any;;
Internet Explorer Boundaries;IT;SE.TB.B.TMCore.IEB;"
      Describes the types of trust boundaries implemented by Internet Explorer.";GE.TB.B;Generic Trust Border Boundary;"
        A border representation of a trust boundary.";ROOT;FALSO;0;Before label;Any;Any;;
Local User Zone;IT;SE.TB.B.TMCore.LocalUserZone;A border representation of a Local User Zone, also referred to as Local User Trust Boundary;GE.TB.B;Generic Trust Border Boundary;"
        A border representation of a trust boundary.";ROOT;FALSO;0;Before label;Any;Any;;
Machine Trust Boundary;IT;SE.TB.L.TMCore.Machine;"
      An arc representation of a machine trust boundary.";GE.TB.B;Generic Trust Border Boundary;"
        A border representation of a trust boundary.";ROOT;FALSO;0;Before label;Any;Any;;
Other Browsers Boundaries;IT;SE.TB.B.TMCore.NonIEB;"
      Describes the types of trust boundaries implemented by Google Chrome and Firefox.";GE.TB.B;Generic Trust Border Boundary;"
        A border representation of a trust boundary.";ROOT;FALSO;0;Before label;Any;Any;;
Remote User Zone;IT;SE.TB.B.TMCore.RemoteUserZone;A border representation of a Remote User Zone, also referred to as Remote User Trust Boundary;GE.TB.B;Generic Trust Border Boundary;"
        A border representation of a trust boundary.";ROOT;FALSO;0;Before label;Any;Any;;
Sandbox Trust Boundary Border;IT;SE.TB.B.TMCore.Sandbox;"
      A border representation of a sandbox trust boundary.";GE.TB.B;Generic Trust Border Boundary;"
        A border representation of a trust boundary.";ROOT;FALSO;0;Before label;Any;Any;;
Internet Boundary;IT;SE.TB.L.TMCore.Internet;"
      An arc representation of an Internet trust boundary.";GE.TB.L;Generic Trust Line Boundary;"
        An arc representation of a trust boundary.";ROOT;FALSO;0;Before label;Any;Any;;
User mode or Kernel mode Boundary;IT;SE.TB.L.TMCore.Kernel;"
      A border representation of user-model / kernel-mode separation.";GE.TB.L;Generic Trust Line Boundary;"
        An arc representation of a trust boundary.";ROOT;FALSO;0;Before label;Any;Any;;
AppContainer Boundary;IT;SE.TB.L.TMCore.AppContainer;"
      A border representation for a Window Store AppContainer boundary.";GE.TB.L;Generic Trust Line Boundary;"
        An arc representation of a trust boundary.";ROOT;FALSO;0;Before label;Any;Any;;
Dynamics CRM;IT;SE.CS.TMCore.DynamicsCRM;A representation of Dynamics CRM;GE.CS;Cloud SaaS Services;A representation of a Cloud Software as a Serice endpoint;ROOT;FALSO;0;Centered on stencil;Any;Any;;
Dynamics CRM Portal;IT;SE.CS.TMCore.DynamicsCRMPortal;A representation of Dynamics CRM Portal;GE.CS;Cloud SaaS Services;A representation of a Cloud Software as a Serice endpoint;ROOT;FALSO;0;Centered on stencil;Any;Any;;
Network Security Group;IT;SE.ATB.B.TMCore.NetworkSecurityGroup;A network security group is a layer of security that acts as a virtual firewall for controlling traffic in and out of virtual machines (via network interfaces) and subnets.;c1ab3a0e-08e2-4a9e-a3ed-75f12f43b93a;Azure Networking Boundary;A border representation of a network boundary within Azure.;ROOT;FALSO;0;Before label;Any;Any;3;
Virtual Network;IT;SE.ATB.B.TMCore.VirtualNetwork;An Azure Virtual Network (VNet) is a logical representation of your own network in the cloud.;c1ab3a0e-08e2-4a9e-a3ed-75f12f43b93a;Azure Networking Boundary;A border representation of a network boundary within Azure.;ROOT;FALSO;0;Before label;Any;Any;2;
Data Center Trust Boundary;IT;SE.ATB.B.TMCore.DataCenterTrustBoundary;Azure data center located in a region.;GE.ATB.B;Azure Trust Border Boundary;A border representation of a trust boundary within Azure.;ROOT;FALSO;0;Before label;Any;Any;2;
Region Trust Boundary;IT;SE.ATB.B.TMCore.RegionTrustBoundary;Azure is generally available in 30 regions around the world, and has announced plans for 8 additional regions. Geographic expansion is a priority for Azure because it enables our customers to achieve higher performance and it support their requirements and preferences regarding data location.;GE.ATB.B;Azure Trust Border Boundary;A border representation of a trust boundary within Azure.;ROOT;FALSO;0;Before label;Any;Any;4;
Resource Group Trust Boundary;IT;SE.ATB.B.TMCore.ResourceGroupTrustBoundary;A container that holds related resources for an Azure solution. The resource group can include all the resources for the solution, or only those resources that you want to manage as a group. You decide how you want to allocate resources to resource groups based on what makes the most sense for your organization.;GE.ATB.B;Azure Trust Border Boundary;A border representation of a trust boundary within Azure.;ROOT;FALSO;0;Before label;Any;Any;5;
Subscription Trust Boundary;IT;SE.ATB.B.TMCore.SubscriptionTrustBoundary;Logical boundary of Azure Services;GE.ATB.B;Azure Trust Border Boundary;A border representation of a trust boundary within Azure.;ROOT;FALSO;5;Before label;Any;Any;1;
