Id;ShortTitle;Category;Description;Possible Mitigation(s);Severity;SDL Phase
TH3000;Insecure HTTP access from Internet to Web Application;I;Uncontrolled HTTP flow from Internet to Web Application can lead to sensitive data exposure.;Encrypt data in transit and at rest, avoid sending sensitive information in clear text between Internet and Web Application, and minimise the amount of data exposed.;High;
TH3001;Direct Internet access to Web Application without application-layer protection;IA;Uncontrolled HTTPS flow from Internet to Web Application can lead to initial access from untrusted networks.;Place secure gateways (WAF, VPN, reverse proxy) in front of Web Application and restrict inbound HTTPS traffic from the Internet to authenticated, encrypted and strictly necessary endpoints.;High;
TH3002;Direct Internet access to App Service without application-layer protection;D;Uncontrolled HTTPS flow from Internet to App Service can lead to denial of service or resource exhaustion.;Rate-limit and filter HTTPS traffic from Internet to App Service, using DDoS protection, throttling and input validation to prevent resource exhaustion.;High;
TH3003;Insufficient security logging for traffic Internet to API App;R;Uncontrolled HTTPS flow from Internet to API App can lead to lack of logging and accountability.;Enable detailed logging and security monitoring for traffic between Internet and API App, and send logs to a central SIEM for alerting and investigations.;Medium;
TH3004;Insecure HTTP access from Internet to Functions;IA;Uncontrolled HTTP flow from Internet to Functions can lead to initial access from untrusted networks.;Place secure gateways (WAF, VPN, reverse proxy) in front of Functions and restrict inbound HTTP traffic from the Internet to authenticated, encrypted and strictly necessary endpoints.;High;
TH3005;Uncontrolled TCP access from Internet to Windows Virtual Machines;IA;Uncontrolled TCP flow from Internet to Windows Virtual Machines can lead to initial access from untrusted networks.;Place secure gateways (WAF, VPN, reverse proxy) in front of Windows Virtual Machines and restrict inbound TCP traffic from the Internet to authenticated, encrypted and strictly necessary endpoints.;Critical;
TH3006;Weak identity controls on access from Internet to Linux Virtual Machines;IA;Uncontrolled TCP flow from Internet to Linux Virtual Machines can lead to initial access from untrusted networks.;Place secure gateways (WAF, VPN, reverse proxy) in front of Linux Virtual Machines and restrict inbound TCP traffic from the Internet to authenticated, encrypted and strictly necessary endpoints.;Critical;
TH3007;Database service Azure SQL Database directly exposed to the Internet;IA;Uncontrolled TCP flow from Internet to Azure SQL Database can lead to initial access from untrusted networks.;Place secure gateways (WAF, VPN, reverse proxy) in front of Azure SQL Database and restrict inbound TCP traffic from the Internet to authenticated, encrypted and strictly necessary endpoints.;Critical;
TH3008;Database service Azure Database for MySQL directly exposed to the Internet;R;Uncontrolled TCP flow from Internet to Azure Database for MySQL can lead to lack of logging and accountability.;Enable detailed logging and security monitoring for traffic between Internet and Azure Database for MySQL, and send logs to a central SIEM for alerting and investigations.;Critical;
TH3009;Database service Azure Database for PostgreSQL directly exposed to the Internet;IA;Uncontrolled TCP flow from Internet to Azure Database for PostgreSQL can lead to initial access from untrusted networks.;Place secure gateways (WAF, VPN, reverse proxy) in front of Azure Database for PostgreSQL and restrict inbound TCP traffic from the Internet to authenticated, encrypted and strictly necessary endpoints.;Critical;
TH3010;Database service CosmosDB directly exposed to the Internet;IA;Uncontrolled HTTPS flow from Internet to CosmosDB can lead to initial access from untrusted networks.;Place secure gateways (WAF, VPN, reverse proxy) in front of CosmosDB and restrict inbound HTTPS traffic from the Internet to authenticated, encrypted and strictly necessary endpoints.;Critical;
TH3011;Uncontrolled HTTPS access from Internet to Azure Storage;R;Uncontrolled HTTPS flow from Internet to Azure Storage can lead to lack of logging and accountability.;Enable detailed logging and security monitoring for traffic between Internet and Azure Storage, and send logs to a central SIEM for alerting and investigations.;Critical;
TH3012;Uncontrolled TCP access from Internet to Azure Storage;IA;Uncontrolled TCP flow from Internet to Azure Storage can lead to initial access from untrusted networks.;Place secure gateways (WAF, VPN, reverse proxy) in front of Azure Storage and restrict inbound TCP traffic from the Internet to authenticated, encrypted and strictly necessary endpoints.;Critical;
TH3013;Insecure secret and key handling between Internet and Azure Redis Cache;I;Uncontrolled TCP flow from Internet to Azure Redis Cache can lead to sensitive data exposure.;Encrypt data in transit and at rest, avoid sending sensitive information in clear text between Internet and Azure Redis Cache, and minimise the amount of data exposed.;Critical;
TH3014;Uncontrolled TCP/UDP access from Virtual Network to Internet;I;Uncontrolled TCP/UDP flow from Virtual Network to Internet can lead to sensitive data exposure.;Encrypt data in transit and at rest, avoid sending sensitive information in clear text between Virtual Network and Internet, and minimise the amount of data exposed.;High;
TH3015;Overly open network path from VPN Gateway to Virtual Network;T;Uncontrolled TCP/UDP flow from VPN Gateway to Virtual Network can lead to tampering or unauthorized modification.;Validate and sanitise all inputs and commands flowing from VPN Gateway to Virtual Network, and enforce integrity controls so that only authorised and expected operations are permitted.;Medium;
TH3016;Overly open network path from ExpressRoute to Virtual Network;T;Uncontrolled TCP/UDP flow from ExpressRoute to Virtual Network can lead to tampering or unauthorized modification.;Validate and sanitise all inputs and commands flowing from ExpressRoute to Virtual Network, and enforce integrity controls so that only authorised and expected operations are permitted.;Medium;
TH3017;Direct Internet access to Application Gateway without application-layer protection;I;Uncontrolled HTTP flow from Internet to Application Gateway can lead to sensitive data exposure.;Encrypt data in transit and at rest, avoid sending sensitive information in clear text between Internet and Application Gateway, and minimise the amount of data exposed.;High;
TH3018;Access to Web Application without Web Application Firewall protection;I;Uncontrolled HTTP flow from Azure Front Door to Web Application can lead to sensitive data exposure.;Encrypt data in transit and at rest, avoid sending sensitive information in clear text between Azure Front Door and Web Application, and minimise the amount of data exposed.;High;
TH3019;Overly open network path from Internet to Virtual Network;IA;Uncontrolled TCP/UDP flow from Internet to Virtual Network can lead to initial access from untrusted networks.;Place secure gateways (WAF, VPN, reverse proxy) in front of Virtual Network and restrict inbound TCP/UDP traffic from the Internet to authenticated, encrypted and strictly necessary endpoints.;High;
TH3020;Uncontrolled HTTPS access from Internet to Azure Kubernetes Service;IA;Uncontrolled HTTPS flow from Internet to Azure Kubernetes Service can lead to initial access from untrusted networks.;Place secure gateways (WAF, VPN, reverse proxy) in front of Azure Kubernetes Service and restrict inbound HTTPS traffic from the Internet to authenticated, encrypted and strictly necessary endpoints.;High;
TH3021;Uncontrolled HTTPS access from Internet to Azure Firewall;IA;Uncontrolled HTTPS flow from Internet to Azure Firewall can lead to initial access from untrusted networks.;Place secure gateways (WAF, VPN, reverse proxy) in front of Azure Firewall and restrict inbound HTTPS traffic from the Internet to authenticated, encrypted and strictly necessary endpoints.;High;
TH3022;Uncontrolled HTTPS access from Browser to Service Bus;T;Uncontrolled HTTPS flow from Browser to Service Bus can lead to tampering or unauthorized modification.;Validate and sanitise all inputs and commands flowing from Browser to Service Bus, and enforce integrity controls so that only authorised and expected operations are permitted.;Medium;
TH3023;Insufficient security logging for traffic Internet to Log Analytics;R;Uncontrolled HTTPS flow from Internet to Log Analytics can lead to lack of logging and accountability.;Enable detailed logging and security monitoring for traffic between Internet and Log Analytics, and send logs to a central SIEM for alerting and investigations.;Medium;
TH3024;Overly open network path from Internet to Windows Virtual Machines;IA;Uncontrolled TCP/UDP flow from Internet to Windows Virtual Machines can lead to initial access from untrusted networks.;Place secure gateways (WAF, VPN, reverse proxy) in front of Windows Virtual Machines and restrict inbound TCP/UDP traffic from the Internet to authenticated, encrypted and strictly necessary endpoints.;High;
TH3025;Uncontrolled TCP access from Web Application to Azure SQL Database;R;Uncontrolled TCP flow from Web Application to Azure SQL Database can lead to lack of logging and accountability.;Enable detailed logging and security monitoring for traffic between Web Application and Azure SQL Database, and send logs to a central SIEM for alerting and investigations.;Medium;
TH3026;Excessive data exposure from CosmosDB to Web Application;I;Uncontrolled HTTPS flow from Web Application to CosmosDB can lead to sensitive data exposure.;Encrypt data in transit and at rest, avoid sending sensitive information in clear text between Web Application and CosmosDB, and minimise the amount of data exposed.;High;
TH3027;Insecure secret and key handling between App Service and Azure SQL Database;R;Uncontrolled TCP flow from App Service to Azure SQL Database can lead to lack of logging and accountability.;Enable detailed logging and security monitoring for traffic between App Service and Azure SQL Database, and send logs to a central SIEM for alerting and investigations.;Medium;
TH3028;Insecure secret and key handling between API App and Configuration File;T;Uncontrolled nan flow from API App to Configuration File can lead to tampering or unauthorized modification.;Validate and sanitise all inputs and commands flowing from API App to Configuration File, and enforce integrity controls so that only authorised and expected operations are permitted.;Medium;
TH3029;Uncontrolled HTTPS access from Functions to Azure Resources;T;Uncontrolled HTTPS flow from Functions to Azure Resources can lead to tampering or unauthorized modification.;Validate and sanitise all inputs and commands flowing from Functions to Azure Resources, and enforce integrity controls so that only authorised and expected operations are permitted.;Medium;
TH3030;Uncontrolled HTTPS access from LogicApp to Internet;R;Uncontrolled HTTPS flow from LogicApp to Internet can lead to lack of logging and accountability.;Enable detailed logging and security monitoring for traffic between LogicApp and Internet, and send logs to a central SIEM for alerting and investigations.;Medium;
TH3031;Uncontrolled HTTPS access from Azure Kubernetes Service to Internet;IA;Uncontrolled HTTPS flow from Azure Kubernetes Service to Internet can lead to initial access from untrusted networks.;Place secure gateways (WAF, VPN, reverse proxy) in front of Internet and restrict inbound HTTPS traffic from the Internet to authenticated, encrypted and strictly necessary endpoints.;High;
TH3032;Weak identity controls on access from Web Application to Service Bus;T;Uncontrolled AMQP flow from Web Application to Service Bus can lead to tampering or unauthorized modification.;Validate and sanitise all inputs and commands flowing from Web Application to Service Bus, and enforce integrity controls so that only authorised and expected operations are permitted.;Medium;
TH3033;Insecure secret and key handling between App Service and Browser;T;Uncontrolled HTTPS flow from App Service to Browser can lead to tampering or unauthorized modification.;Validate and sanitise all inputs and commands flowing from App Service to Browser, and enforce integrity controls so that only authorised and expected operations are permitted.;Medium;
TH3034;Uncontrolled HTTPS access from API App to Internet;D;Uncontrolled HTTPS flow from API App to Internet can lead to denial of service or resource exhaustion.;Rate-limit and filter HTTPS traffic from API App to Internet, using DDoS protection, throttling and input validation to prevent resource exhaustion.;High;
TH3035;Uncontrolled HTTPS access from App Service to Internet;IA;Uncontrolled HTTPS flow from App Service to Internet can lead to initial access from untrusted networks.;Place secure gateways (WAF, VPN, reverse proxy) in front of Internet and restrict inbound HTTPS traffic from the Internet to authenticated, encrypted and strictly necessary endpoints.;High;
TH3036;Uncontrolled HTTPS access from Web Application to Azure Storage;E;Uncontrolled HTTPS flow from Web Application to Azure Storage can lead to privilege escalation or excessive privileges.;Apply least privilege on roles, identities and service principals used between Web Application and Azure Storage, removing admin-level permissions that are not strictly required.;High;
TH3037;Access to Internet without Web Application Firewall protection;IA;Uncontrolled TCP flow from Azure Kubernetes Service to Internet can lead to initial access from untrusted networks.;Place secure gateways (WAF, VPN, reverse proxy) in front of Internet and restrict inbound TCP traffic from the Internet to authenticated, encrypted and strictly necessary endpoints.;High;
TH3038;Uncontrolled TCP access from Functions to Azure SQL Database;T;Uncontrolled TCP flow from Functions to Azure SQL Database can lead to tampering or unauthorized modification.;Validate and sanitise all inputs and commands flowing from Functions to Azure SQL Database, and enforce integrity controls so that only authorised and expected operations are permitted.;Medium;
TH3039;Excessive data exposure from Azure SQL Database to App Service;I;Uncontrolled HTTP flow from App Service to Azure SQL Database can lead to sensitive data exposure.;Encrypt data in transit and at rest, avoid sending sensitive information in clear text between App Service and Azure SQL Database, and minimise the amount of data exposed.;High;
TH3040;Uncontrolled HTTPS access from API App to Browser;I;Uncontrolled HTTPS flow from API App to Browser can lead to sensitive data exposure.;Encrypt data in transit and at rest, avoid sending sensitive information in clear text between API App and Browser, and minimise the amount of data exposed.;High;
TH3041;Uncontrolled HTTPS access from Web Application to *;T;Uncontrolled HTTPS flow from Web Application to * can lead to tampering or unauthorized modification.;Validate and sanitise all inputs and commands flowing from Web Application to *, and enforce integrity controls so that only authorised and expected operations are permitted.;Medium;
TH3042;Uncontrolled HTTPS access from Azure DevOps Pipelines to Internet;IA;Uncontrolled HTTPS flow from Azure DevOps Pipelines to Internet can lead to initial access from untrusted networks.;Place secure gateways (WAF, VPN, reverse proxy) in front of Internet and restrict inbound HTTPS traffic from the Internet to authenticated, encrypted and strictly necessary endpoints.;High;
TH3043;Insecure secret and key handling between Azure DevOps Pipelines and *;I;Uncontrolled nan flow from Azure DevOps Pipelines to * can lead to sensitive data exposure.;Encrypt data in transit and at rest, avoid sending sensitive information in clear text between Azure DevOps Pipelines and *, and minimise the amount of data exposed.;High;
TH3044;Uncontrolled NAN access from Azure DevOps Pipelines to Windows Virtual Machines;E;Uncontrolled nan flow from Azure DevOps Pipelines to Windows Virtual Machines can lead to privilege escalation or excessive privileges.;Apply least privilege on roles, identities and service principals used between Azure DevOps Pipelines and Windows Virtual Machines, removing admin-level permissions that are not strictly required.;High;
TH3045;Uncontrolled HTTPS access from Web Application to Azure Event Hub;T;Uncontrolled HTTPS flow from Web Application to Azure Event Hub can lead to tampering or unauthorized modification.;Validate and sanitise all inputs and commands flowing from Web Application to Azure Event Hub, and enforce integrity controls so that only authorised and expected operations are permitted.;Medium;
TH3046;Uncontrolled HTTPS access from Functions to Azure Data Factory;T;Uncontrolled HTTPS flow from Functions to Azure Data Factory can lead to tampering or unauthorized modification.;Validate and sanitise all inputs and commands flowing from Functions to Azure Data Factory, and enforce integrity controls so that only authorised and expected operations are permitted.;Medium;
TH3047;Uncontrolled HTTPS access from LogicApp to Azure Service Boundary;R;Uncontrolled HTTPS flow from LogicApp to Azure Service Boundary can lead to lack of logging and accountability.;Enable detailed logging and security monitoring for traffic between LogicApp and Azure Service Boundary, and send logs to a central SIEM for alerting and investigations.;Medium;
TH3048;Excessive data exposure from Disk to Azure SQL Database;T;Uncontrolled nan flow from Azure SQL Database to Disk can lead to tampering or unauthorized modification.;Validate and sanitise all inputs and commands flowing from Azure SQL Database to Disk, and enforce integrity controls so that only authorised and expected operations are permitted.;Medium;
TH3049;Uncontrolled HTTPS access from Azure SQL Database to Azure Storage;T;Uncontrolled HTTPS flow from Azure SQL Database to Azure Storage can lead to tampering or unauthorized modification.;Validate and sanitise all inputs and commands flowing from Azure SQL Database to Azure Storage, and enforce integrity controls so that only authorised and expected operations are permitted.;Medium;
TH3050;Uncontrolled HTTPS access from Azure Storage to *;R;Uncontrolled HTTPS flow from Azure Storage to * can lead to lack of logging and accountability.;Enable detailed logging and security monitoring for traffic between Azure Storage and *, and send logs to a central SIEM for alerting and investigations.;Medium;
TH3051;Uncontrolled HTTPS access from Azure Storage to Azure Service Boundary;T;Uncontrolled HTTPS flow from Azure Storage to Azure Service Boundary can lead to tampering or unauthorized modification.;Validate and sanitise all inputs and commands flowing from Azure Storage to Azure Service Boundary, and enforce integrity controls so that only authorised and expected operations are permitted.;Medium;
TH3052;Uncontrolled HTTPS access from Multiple Applications to CosmosDB;T;Uncontrolled HTTPS flow from Multiple Applications to CosmosDB can lead to tampering or unauthorized modification.;Validate and sanitise all inputs and commands flowing from Multiple Applications to CosmosDB, and enforce integrity controls so that only authorised and expected operations are permitted.;Medium;
TH3053;Uncontrolled HTTPS access from Azure Data Lake Store to Data Scientist;I;Uncontrolled HTTPS flow from Azure Data Lake Store to Data Scientist can lead to sensitive data exposure.;Encrypt data in transit and at rest, avoid sending sensitive information in clear text between Azure Data Lake Store and Data Scientist, and minimise the amount of data exposed.;High;
TH3054;Weak identity controls on access from Internet to Azure Synapse;IA;Uncontrolled HTTPS flow from Internet to Azure Synapse can lead to initial access from untrusted networks.;Place secure gateways (WAF, VPN, reverse proxy) in front of Azure Synapse and restrict inbound HTTPS traffic from the Internet to authenticated, encrypted and strictly necessary endpoints.;High;
TH3055;Excessive data exposure from Azure Redis Cache to App Service;I;Uncontrolled TCP flow from App Service to Azure Redis Cache can lead to sensitive data exposure.;Encrypt data in transit and at rest, avoid sending sensitive information in clear text between App Service and Azure Redis Cache, and minimise the amount of data exposed.;High;
TH3056;Insecure HTTP communication between Azure Data Factory and Internet;I;Uncontrolled HTTP flow from Azure Data Factory to Internet can lead to sensitive data exposure.;Encrypt data in transit and at rest, avoid sending sensitive information in clear text between Azure Data Factory and Internet, and minimise the amount of data exposed.;High;
TH3057;Insecure secret and key handling between Azure Data Factory and Configuration File;I;Uncontrolled nan flow from Azure Data Factory to Configuration File can lead to sensitive data exposure.;Encrypt data in transit and at rest, avoid sending sensitive information in clear text between Azure Data Factory and Configuration File, and minimise the amount of data exposed.;High;
TH3058;Uncontrolled TCP access from Azure SQL Database to *;R;Uncontrolled TCP flow from Azure SQL Database to * can lead to lack of logging and accountability.;Enable detailed logging and security monitoring for traffic between Azure SQL Database and *, and send logs to a central SIEM for alerting and investigations.;Medium;
TH3059;Uncontrolled NAN access from Human User to Azure Storage;T;Uncontrolled nan flow from Human User to Azure Storage can lead to tampering or unauthorized modification.;Validate and sanitise all inputs and commands flowing from Human User to Azure Storage, and enforce integrity controls so that only authorised and expected operations are permitted.;Medium;
TH3060;Uncontrolled HTTPS access from Backup to Azure Storage;T;Uncontrolled HTTPS flow from Backup to Azure Storage can lead to tampering or unauthorized modification.;Validate and sanitise all inputs and commands flowing from Backup to Azure Storage, and enforce integrity controls so that only authorised and expected operations are permitted.;Medium;
TH3061;Insufficient security logging for traffic Azure SQL Database to Log Analytics;R;Uncontrolled HTTPS flow from Azure SQL Database to Log Analytics can lead to lack of logging and accountability.;Enable detailed logging and security monitoring for traffic between Azure SQL Database and Log Analytics, and send logs to a central SIEM for alerting and investigations.;Medium;
TH3062;Weak identity controls on access from Human User to Azure AD;E;Uncontrolled HTTPS flow from Human User to Azure AD can lead to privilege escalation or excessive privileges.;Apply least privilege on roles, identities and service principals used between Human User and Azure AD, removing admin-level permissions that are not strictly required.;High;
TH3063;Insecure secret and key handling between Automation Runbook and Azure Resources;T;Uncontrolled HTTPS flow from Automation Runbook to Azure Resources can lead to tampering or unauthorized modification.;Validate and sanitise all inputs and commands flowing from Automation Runbook to Azure Resources, and enforce integrity controls so that only authorised and expected operations are permitted.;Medium;
TH3064;Insufficient security logging for traffic Azure Monitor to Internet;I;Uncontrolled SMTP flow from Azure Monitor to Internet can lead to sensitive data exposure.;Encrypt data in transit and at rest, avoid sending sensitive information in clear text between Azure Monitor and Internet, and minimise the amount of data exposed.;High;
TH3065;Insufficient security logging for traffic Azure Sentinal to External SIEM;R;Uncontrolled HTTP flow from Azure Sentinal to External SIEM can lead to lack of logging and accountability.;Enable detailed logging and security monitoring for traffic between Azure Sentinal and External SIEM, and send logs to a central SIEM for alerting and investigations.;Medium;
TH3066;Insufficient security logging for traffic Human User to Log Analytics;R;Uncontrolled HTTPS flow from Human User to Log Analytics can lead to lack of logging and accountability.;Enable detailed logging and security monitoring for traffic between Human User and Log Analytics, and send logs to a central SIEM for alerting and investigations.;Medium;
TH3067;Uncontrolled NAN access from Security Center to Azure Resources;T;Uncontrolled nan flow from Security Center to Azure Resources can lead to tampering or unauthorized modification.;Validate and sanitise all inputs and commands flowing from Security Center to Azure Resources, and enforce integrity controls so that only authorised and expected operations are permitted.;Medium;
TH3068;Overly open network path from Virtual Network to *;T;Uncontrolled TCP/UDP flow from Virtual Network to * can lead to tampering or unauthorized modification.;Validate and sanitise all inputs and commands flowing from Virtual Network to *, and enforce integrity controls so that only authorised and expected operations are permitted.;Medium;
TH3069;Weak identity controls on access from Azure AD to Azure Monitor;R;Uncontrolled nan flow from Azure AD to Azure Monitor can lead to lack of logging and accountability.;Enable detailed logging and security monitoring for traffic between Azure AD and Azure Monitor, and send logs to a central SIEM for alerting and investigations.;Medium;
TH3070;Uncontrolled NAN access from Management Group Trust Boundary to Subscription Trust Boundary;T;Uncontrolled nan flow from Management Group Trust Boundary to Subscription Trust Boundary can lead to tampering or unauthorized modification.;Validate and sanitise all inputs and commands flowing from Management Group Trust Boundary to Subscription Trust Boundary, and enforce integrity controls so that only authorised and expected operations are permitted.;Medium;
TH3071;Weak identity controls on access from Human User to Azure Portal;E;Uncontrolled HTTPS flow from Human User to Azure Portal can lead to privilege escalation or excessive privileges.;Apply least privilege on roles, identities and service principals used between Human User and Azure Portal, removing admin-level permissions that are not strictly required.;High;
TH3072;Insecure HTTP communication between Human User and AzureDevOps;R;Uncontrolled HTTPS flow from Human User to AzureDevOps can lead to lack of logging and accountability.;Enable detailed logging and security monitoring for traffic between Human User and AzureDevOps, and send logs to a central SIEM for alerting and investigations.;Medium;
TH3073;Uncontrolled NAN access from Human User to Azure Service Boundary;T;Uncontrolled nan flow from Human User to Azure Service Boundary can lead to tampering or unauthorized modification.;Validate and sanitise all inputs and commands flowing from Human User to Azure Service Boundary, and enforce integrity controls so that only authorised and expected operations are permitted.;Medium;
TH3074;Insecure secret and key handling between Internet and Key Vault;IA;Uncontrolled HTTPS flow from Internet to Key Vault can lead to initial access from untrusted networks.;Place secure gateways (WAF, VPN, reverse proxy) in front of Key Vault and restrict inbound HTTPS traffic from the Internet to authenticated, encrypted and strictly necessary endpoints.;Critical;
TH3075;Uncontrolled RDP access from Internet to Windows Virtual Machines;IA;Uncontrolled RDP flow from Internet to Windows Virtual Machines can lead to initial access from untrusted networks.;Place secure gateways (WAF, VPN, reverse proxy) in front of Windows Virtual Machines and restrict inbound RDP traffic from the Internet to authenticated, encrypted and strictly necessary endpoints.;Critical;
TH3076;Uncontrolled SSH access from Internet to Linux Virtual Machines;IA;Uncontrolled SSH flow from Internet to Linux Virtual Machines can lead to initial access from untrusted networks.;Place secure gateways (WAF, VPN, reverse proxy) in front of Linux Virtual Machines and restrict inbound SSH traffic from the Internet to authenticated, encrypted and strictly necessary endpoints.;Critical;
TH3077;Direct Internet access to Azure Kubernetes Service without application-layer protection;IA;Uncontrolled TCP flow from Internet to Azure Kubernetes Service can lead to initial access from untrusted networks.;Place secure gateways (WAF, VPN, reverse proxy) in front of Azure Kubernetes Service and restrict inbound TCP traffic from the Internet to authenticated, encrypted and strictly necessary endpoints.;High;
TH3078;Uncontrolled HTTPS access from Internet to Azure Kubernetes Service;IA;Uncontrolled HTTPS flow from Internet to Azure Kubernetes Service can lead to initial access from untrusted networks.;Place secure gateways (WAF, VPN, reverse proxy) in front of Azure Kubernetes Service and restrict inbound HTTPS traffic from the Internet to authenticated, encrypted and strictly necessary endpoints.;High;
TH3079;Uncontrolled AMQP access from Internet to Service Bus;D;Uncontrolled AMQP flow from Internet to Service Bus can lead to denial of service or resource exhaustion.;Rate-limit and filter AMQP traffic from Internet to Service Bus, using DDoS protection, throttling and input validation to prevent resource exhaustion.;High;
TH3080;Uncontrolled AMQP access from Internet to Azure Event Hub;IA;Uncontrolled AMQP flow from Internet to Azure Event Hub can lead to initial access from untrusted networks.;Place secure gateways (WAF, VPN, reverse proxy) in front of Azure Event Hub and restrict inbound AMQP traffic from the Internet to authenticated, encrypted and strictly necessary endpoints.;High;
TH3081;Uncontrolled TCP access from Internet to Azure Data Factory;IA;Uncontrolled TCP flow from Internet to Azure Data Factory can lead to initial access from untrusted networks.;Place secure gateways (WAF, VPN, reverse proxy) in front of Azure Data Factory and restrict inbound TCP traffic from the Internet to authenticated, encrypted and strictly necessary endpoints.;High;
TH3082;Uncontrolled TCP access from Internet to Azure Redis Cache;IA;Uncontrolled TCP flow from Internet to Azure Redis Cache can lead to initial access from untrusted networks.;Place secure gateways (WAF, VPN, reverse proxy) in front of Azure Redis Cache and restrict inbound TCP traffic from the Internet to authenticated, encrypted and strictly necessary endpoints.;Critical;
TH3083;Weak identity controls on access from Remote User Zone to Virtual Network;T;Uncontrolled IPSec flow from Remote User Zone to Virtual Network can lead to tampering or unauthorized modification.;Validate and sanitise all inputs and commands flowing from Remote User Zone to Virtual Network, and enforce integrity controls so that only authorised and expected operations are permitted.;Medium;
TH3084;Excessive data exposure from Azure Synapse to Internet;I;Uncontrolled HTTPS flow from Internet to Azure Synapse can lead to sensitive data exposure.;Encrypt data in transit and at rest, avoid sending sensitive information in clear text between Internet and Azure Synapse, and minimise the amount of data exposed.;High;
TH3085;Uncontrolled HTTPS access from Internet to Cognitive Services;IA;Uncontrolled HTTPS flow from Internet to Cognitive Services can lead to initial access from untrusted networks.;Place secure gateways (WAF, VPN, reverse proxy) in front of Cognitive Services and restrict inbound HTTPS traffic from the Internet to authenticated, encrypted and strictly necessary endpoints.;High;
TH3086;Overly open network path from Internet to Azure DevOps Pipelines;IA;Uncontrolled HTTPS flow from Internet to Azure DevOps Pipelines can lead to initial access from untrusted networks.;Place secure gateways (WAF, VPN, reverse proxy) in front of Azure DevOps Pipelines and restrict inbound HTTPS traffic from the Internet to authenticated, encrypted and strictly necessary endpoints.;High;
TH3087;Uncontrolled TDS access from Browser Client to Azure SQL Database;R;Uncontrolled TDS flow from Browser Client to Azure SQL Database can lead to lack of logging and accountability.;Enable detailed logging and security monitoring for traffic between Browser Client and Azure SQL Database, and send logs to a central SIEM for alerting and investigations.;Medium;
TH3088;Uncontrolled HTTPS access from Web Application to Internet;IA;Uncontrolled HTTPS flow from Web Application to Internet can lead to initial access from untrusted networks.;Place secure gateways (WAF, VPN, reverse proxy) in front of Internet and restrict inbound HTTPS traffic from the Internet to authenticated, encrypted and strictly necessary endpoints.;High;
TH3089;Insecure HTTP communication between API App and Internet;IA;Uncontrolled HTTP flow from API App to Internet can lead to initial access from untrusted networks.;Place secure gateways (WAF, VPN, reverse proxy) in front of Internet and restrict inbound HTTP traffic from the Internet to authenticated, encrypted and strictly necessary endpoints.;High;
TH3090;Weak identity controls on access from API App to Azure SQL Database;T;Uncontrolled TDS flow from API App to Azure SQL Database can lead to tampering or unauthorized modification.;Validate and sanitise all inputs and commands flowing from API App to Azure SQL Database, and enforce integrity controls so that only authorised and expected operations are permitted.;Medium;
TH3091;Uncontrolled TDS access from Functions to Azure SQL Database;IA;Uncontrolled TDS flow from Functions to Azure SQL Database can lead to initial access from untrusted networks.;Place secure gateways (WAF, VPN, reverse proxy) in front of Azure SQL Database and restrict inbound TDS traffic from the Internet to authenticated, encrypted and strictly necessary endpoints.;High;
TH3092;Uncontrolled HTTPS access from Azure Kubernetes Service to API App;T;Uncontrolled HTTPS flow from Azure Kubernetes Service to API App can lead to tampering or unauthorized modification.;Validate and sanitise all inputs and commands flowing from Azure Kubernetes Service to API App, and enforce integrity controls so that only authorised and expected operations are permitted.;Medium;
TH3093;Excessive data exposure from Azure Event Hub to API App;R;Uncontrolled AMQP flow from API App to Azure Event Hub can lead to lack of logging and accountability.;Enable detailed logging and security monitoring for traffic between API App and Azure Event Hub, and send logs to a central SIEM for alerting and investigations.;Medium;
TH3094;Uncontrolled HTTPS access from LogicApp to *;R;Uncontrolled HTTPS flow from LogicApp to * can lead to lack of logging and accountability.;Enable detailed logging and security monitoring for traffic between LogicApp and *, and send logs to a central SIEM for alerting and investigations.;Medium;
TH3095;Weak identity controls on access from Mobile App to API App;T;Uncontrolled HTTPS flow from Mobile App to API App can lead to tampering or unauthorized modification.;Validate and sanitise all inputs and commands flowing from Mobile App to API App, and enforce integrity controls so that only authorised and expected operations are permitted.;Medium;
TH3096;Uncontrolled TCP access from Web Application to Azure Redis Cache;T;Uncontrolled TCP flow from Web Application to Azure Redis Cache can lead to tampering or unauthorized modification.;Validate and sanitise all inputs and commands flowing from Web Application to Azure Redis Cache, and enforce integrity controls so that only authorised and expected operations are permitted.;Medium;
TH3097;Insecure secret and key handling between App Service and Key Vault;T;Uncontrolled HTTPS flow from App Service to Key Vault can lead to tampering or unauthorized modification.;Validate and sanitise all inputs and commands flowing from App Service to Key Vault, and enforce integrity controls so that only authorised and expected operations are permitted.;Medium;
TH3098;Overly open network path from API App to Virtual Network;T;Uncontrolled TCP flow from API App to Virtual Network can lead to tampering or unauthorized modification.;Validate and sanitise all inputs and commands flowing from API App to Virtual Network, and enforce integrity controls so that only authorised and expected operations are permitted.;Medium;
TH3099;Overly open network path from Azure DevOps Pipelines to Web Application;T;Uncontrolled HTTPS flow from Azure DevOps Pipelines to Web Application can lead to tampering or unauthorized modification.;Validate and sanitise all inputs and commands flowing from Azure DevOps Pipelines to Web Application, and enforce integrity controls so that only authorised and expected operations are permitted.;Medium;
TH3100;Uncontrolled HTTPS access from Browser Client to Functions;T;Uncontrolled HTTPS flow from Browser Client to Functions can lead to tampering or unauthorized modification.;Validate and sanitise all inputs and commands flowing from Browser Client to Functions, and enforce integrity controls so that only authorised and expected operations are permitted.;Medium;
TH3101;Uncontrolled TDS access from Azure Kubernetes Service to Azure SQL Database;IA;Uncontrolled TDS flow from Azure Kubernetes Service to Azure SQL Database can lead to initial access from untrusted networks.;Place secure gateways (WAF, VPN, reverse proxy) in front of Azure SQL Database and restrict inbound TDS traffic from the Internet to authenticated, encrypted and strictly necessary endpoints.;High;
TH3102;Uncontrolled HTTPS access from Service Bus to Web Application;T;Uncontrolled HTTPS flow from Service Bus to Web Application can lead to tampering or unauthorized modification.;Validate and sanitise all inputs and commands flowing from Service Bus to Web Application, and enforce integrity controls so that only authorised and expected operations are permitted.;Medium;
TH3103;Weak identity controls on access from Web Application to Azure Storage;T;Uncontrolled HTTPS flow from Web Application to Azure Storage can lead to tampering or unauthorized modification.;Validate and sanitise all inputs and commands flowing from Web Application to Azure Storage, and enforce integrity controls so that only authorised and expected operations are permitted.;Medium;
TH3104;Uncontrolled TDS access from API App to Azure SQL Database;E;Uncontrolled TDS flow from API App to Azure SQL Database can lead to privilege escalation or excessive privileges.;Apply least privilege on roles, identities and service principals used between API App and Azure SQL Database, removing admin-level permissions that are not strictly required.;High;
TH3105;Uncontrolled TDS access from Functions to Azure SQL Database;T;Uncontrolled TDS flow from Functions to Azure SQL Database can lead to tampering or unauthorized modification.;Validate and sanitise all inputs and commands flowing from Functions to Azure SQL Database, and enforce integrity controls so that only authorised and expected operations are permitted.;Medium;
TH3106;Insecure HTTP communication between Azure Data Factory and Azure Storage;I;Uncontrolled HTTP flow from Azure Data Factory to Azure Storage can lead to sensitive data exposure.;Encrypt data in transit and at rest, avoid sending sensitive information in clear text between Azure Data Factory and Azure Storage, and minimise the amount of data exposed.;High;
TH3107;Uncontrolled HTTPS access from Azure Kubernetes Service to CosmosDB;T;Uncontrolled HTTPS flow from Azure Kubernetes Service to CosmosDB can lead to tampering or unauthorized modification.;Validate and sanitise all inputs and commands flowing from Azure Kubernetes Service to CosmosDB, and enforce integrity controls so that only authorised and expected operations are permitted.;Medium;
TH3108;Excessive privileges on access from Azure Synapse to Azure Storage;T;Uncontrolled HTTPS flow from Azure Synapse to Azure Storage can lead to tampering or unauthorized modification.;Validate and sanitise all inputs and commands flowing from Azure Synapse to Azure Storage, and enforce integrity controls so that only authorised and expected operations are permitted.;Medium;
TH3109;Insecure secret and key handling between Azure Databricks and Azure Storage;T;Uncontrolled HTTPS flow from Azure Databricks to Azure Storage can lead to tampering or unauthorized modification.;Validate and sanitise all inputs and commands flowing from Azure Databricks to Azure Storage, and enforce integrity controls so that only authorised and expected operations are permitted.;Medium;
TH3110;Uncontrolled HTTPS access from Web Application to CosmosDB;T;Uncontrolled HTTPS flow from Web Application to CosmosDB can lead to tampering or unauthorized modification.;Validate and sanitise all inputs and commands flowing from Web Application to CosmosDB, and enforce integrity controls so that only authorised and expected operations are permitted.;Medium;
TH3111;Uncontrolled HTTPS access from Stream Analytics to Azure Storage;T;Uncontrolled HTTPS flow from Stream Analytics to Azure Storage can lead to tampering or unauthorized modification.;Validate and sanitise all inputs and commands flowing from Stream Analytics to Azure Storage, and enforce integrity controls so that only authorised and expected operations are permitted.;Medium;
TH3112;Excessive data exposure from Azure Storage to Azure Data Factory;I;Uncontrolled HTTPS flow from Azure Data Factory to Azure Storage can lead to sensitive data exposure.;Encrypt data in transit and at rest, avoid sending sensitive information in clear text between Azure Data Factory and Azure Storage, and minimise the amount of data exposed.;High;
TH3113;Uncontrolled HTTPS access from API App to Azure Storage;R;Uncontrolled HTTPS flow from API App to Azure Storage can lead to lack of logging and accountability.;Enable detailed logging and security monitoring for traffic between API App and Azure Storage, and send logs to a central SIEM for alerting and investigations.;Medium;
TH3114;Excessive data exposure from Azure Search to Web Application;I;Uncontrolled HTTPS flow from Web Application to Azure Search can lead to sensitive data exposure.;Encrypt data in transit and at rest, avoid sending sensitive information in clear text between Web Application and Azure Search, and minimise the amount of data exposed.;High;
TH3115;Excessive data exposure from Azure Redis Cache to Web Application;R;Uncontrolled TCP flow from Web Application to Azure Redis Cache can lead to lack of logging and accountability.;Enable detailed logging and security monitoring for traffic between Web Application and Azure Redis Cache, and send logs to a central SIEM for alerting and investigations.;Medium;
TH3116;Overly open network path from Web Application to SQL Data Warehouse;IA;Uncontrolled TDS flow from Web Application to SQL Data Warehouse can lead to initial access from untrusted networks.;Place secure gateways (WAF, VPN, reverse proxy) in front of SQL Data Warehouse and restrict inbound TDS traffic from the Internet to authenticated, encrypted and strictly necessary endpoints.;High;
TH3117;Uncontrolled TCP access from Applications Running on a non Microsoft OS to Database;I;Uncontrolled TCP flow from Applications Running on a non Microsoft OS to Database can lead to sensitive data exposure.;Encrypt data in transit and at rest, avoid sending sensitive information in clear text between Applications Running on a non Microsoft OS and Database, and minimise the amount of data exposed.;High;
TH3118;Uncontrolled LOCAL access from Mobile Client to Files;T;Uncontrolled LOCAL flow from Mobile Client to Files can lead to tampering or unauthorized modification.;Validate and sanitise all inputs and commands flowing from Mobile Client to Files, and enforce integrity controls so that only authorised and expected operations are permitted.;Medium;
TH3119;Uncontrolled HTTPS access from Data Lake Store to External Tenant;T;Uncontrolled HTTPS flow from Data Lake Store to External Tenant can lead to tampering or unauthorized modification.;Validate and sanitise all inputs and commands flowing from Data Lake Store to External Tenant, and enforce integrity controls so that only authorised and expected operations are permitted.;Medium;
TH3120;Uncontrolled HTTPS access from Analysis Services to Azure Storage;R;Uncontrolled HTTPS flow from Analysis Services to Azure Storage can lead to lack of logging and accountability.;Enable detailed logging and security monitoring for traffic between Analysis Services and Azure Storage, and send logs to a central SIEM for alerting and investigations.;Medium;
TH3121;Uncontrolled HTTPS access from Azure DevOps Pipelines to Subscription Trust Boundary;E;Uncontrolled HTTPS flow from Azure DevOps Pipelines to Subscription Trust Boundary can lead to privilege escalation or excessive privileges.;Apply least privilege on roles, identities and service principals used between Azure DevOps Pipelines and Subscription Trust Boundary, removing admin-level permissions that are not strictly required.;High;
TH3122;Uncontrolled RDP access from Remote User Zone to Windows Virtual Machines;E;Uncontrolled RDP flow from Remote User Zone to Windows Virtual Machines can lead to privilege escalation or excessive privileges.;Apply least privilege on roles, identities and service principals used between Remote User Zone and Windows Virtual Machines, removing admin-level permissions that are not strictly required.;Critical;
TH3123;Uncontrolled SSH access from Remote User Zone to Linux Virtual Machines;IA;Uncontrolled SSH flow from Remote User Zone to Linux Virtual Machines can lead to initial access from untrusted networks.;Place secure gateways (WAF, VPN, reverse proxy) in front of Linux Virtual Machines and restrict inbound SSH traffic from the Internet to authenticated, encrypted and strictly necessary endpoints.;Critical;
TH3124;Insufficient security logging for traffic Web Application to Log Analytics;R;Uncontrolled HTTPS flow from Web Application to Log Analytics can lead to lack of logging and accountability.;Enable detailed logging and security monitoring for traffic between Web Application and Log Analytics, and send logs to a central SIEM for alerting and investigations.;Medium;
TH3125;Access to Log Analytics without Web Application Firewall protection;R;Uncontrolled KQL flow from Azure Sentinal to Log Analytics can lead to lack of logging and accountability.;Enable detailed logging and security monitoring for traffic between Azure Sentinal and Log Analytics, and send logs to a central SIEM for alerting and investigations.;Medium;
TH3126;Insufficient security logging for traffic Monitor to Operations Management Suite OMS;T;Uncontrolled HTTPS flow from Monitor to Operations Management Suite OMS can lead to tampering or unauthorized modification.;Validate and sanitise all inputs and commands flowing from Monitor to Operations Management Suite OMS, and enforce integrity controls so that only authorised and expected operations are permitted.;Medium;
TH3127;Insecure secret and key handling between Human User and Key Vault;T;Uncontrolled HTTPS flow from Human User to Key Vault can lead to tampering or unauthorized modification.;Validate and sanitise all inputs and commands flowing from Human User to Key Vault, and enforce integrity controls so that only authorised and expected operations are permitted.;Medium;
TH3128;Uncontrolled TDS access from Human User to Azure SQL Database;R;Uncontrolled TDS flow from Human User to Azure SQL Database can lead to lack of logging and accountability.;Enable detailed logging and security monitoring for traffic between Human User and Azure SQL Database, and send logs to a central SIEM for alerting and investigations.;Medium;
TH3129;Uncontrolled RDP/SSH access from Human User to Virtual Machine;T;Uncontrolled RDP/SSH flow from Human User to Virtual Machine can lead to tampering or unauthorized modification.;Validate and sanitise all inputs and commands flowing from Human User to Virtual Machine, and enforce integrity controls so that only authorised and expected operations are permitted.;Medium;
TH3130;Overly open network path from Azure DevOps Pipelines to Network Security Group;T;Uncontrolled HTTPS flow from Azure DevOps Pipelines to Network Security Group can lead to tampering or unauthorized modification.;Validate and sanitise all inputs and commands flowing from Azure DevOps Pipelines to Network Security Group, and enforce integrity controls so that only authorised and expected operations are permitted.;Medium;
TH3131;Uncontrolled HTTPS access from Automation Runbook to Subscription Trust Boundary;E;Uncontrolled HTTPS flow from Automation Runbook to Subscription Trust Boundary can lead to privilege escalation or excessive privileges.;Apply least privilege on roles, identities and service principals used between Automation Runbook and Subscription Trust Boundary, removing admin-level permissions that are not strictly required.;High;
TH3132;Uncontrolled HTTPS access from Azure Cloud Shell to Azure Resources;R;Uncontrolled HTTPS flow from Azure Cloud Shell to Azure Resources can lead to lack of logging and accountability.;Enable detailed logging and security monitoring for traffic between Azure Cloud Shell and Azure Resources, and send logs to a central SIEM for alerting and investigations.;Medium;
TH3133;Insufficient security logging for traffic Third Party SOC to Log Analytics;R;Uncontrolled HTTPS flow from Third Party SOC to Log Analytics can lead to lack of logging and accountability.;Enable detailed logging and security monitoring for traffic between Third Party SOC and Log Analytics, and send logs to a central SIEM for alerting and investigations.;Medium;
TH3134;Uncontrolled HTTPS access from Authorization Provider to Subscription Trust Boundary;T;Uncontrolled HTTPS flow from Authorization Provider to Subscription Trust Boundary can lead to tampering or unauthorized modification.;Validate and sanitise all inputs and commands flowing from Authorization Provider to Subscription Trust Boundary, and enforce integrity controls so that only authorised and expected operations are permitted.;Medium;
TH3135;Uncontrolled HTTPS access from Remote User Zone to Azure Firewall Manager;T;Uncontrolled HTTPS flow from Remote User Zone to Azure Firewall Manager can lead to tampering or unauthorized modification.;Validate and sanitise all inputs and commands flowing from Remote User Zone to Azure Firewall Manager, and enforce integrity controls so that only authorised and expected operations are permitted.;Medium;
TH3136;Uncontrolled HTTPS access from Security Center to Operations Management Suite OMS;R;Uncontrolled HTTPS flow from Security Center to Operations Management Suite OMS can lead to lack of logging and accountability.;Enable detailed logging and security monitoring for traffic between Security Center and Operations Management Suite OMS, and send logs to a central SIEM for alerting and investigations.;Medium;
TH3137;Weak identity controls on access from Human User to Applications Running on a non Microsoft OS;T;Uncontrolled TCP flow from Human User to Applications Running on a non Microsoft OS can lead to tampering or unauthorized modification.;Validate and sanitise all inputs and commands flowing from Human User to Applications Running on a non Microsoft OS, and enforce integrity controls so that only authorised and expected operations are permitted.;Medium;
TH3138;Uncontrolled MQTT/HTTPS access from Internet to IoT Hub;IA;Uncontrolled MQTT/HTTPS flow from Internet to IoT Hub can lead to initial access from untrusted networks.;Place secure gateways (WAF, VPN, reverse proxy) in front of IoT Hub and restrict inbound MQTT/HTTPS traffic from the Internet to authenticated, encrypted and strictly necessary endpoints.;High;
TH3139;Overly open network path from IoT Device to Virtual Network;T;Uncontrolled TCP/UDP flow from IoT Device to Virtual Network can lead to tampering or unauthorized modification.;Validate and sanitise all inputs and commands flowing from IoT Device to Virtual Network, and enforce integrity controls so that only authorised and expected operations are permitted.;Medium;
TH3140;Uncontrolled MQTT/HTTPS access from Internet to IoT Edge;IA;Uncontrolled MQTT/HTTPS flow from Internet to IoT Edge can lead to initial access from untrusted networks.;Place secure gateways (WAF, VPN, reverse proxy) in front of IoT Edge and restrict inbound MQTT/HTTPS traffic from the Internet to authenticated, encrypted and strictly necessary endpoints.;High;
TH3141;Direct Internet access to ADFS without application-layer protection;D;Uncontrolled HTTPS flow from Internet to ADFS can lead to denial of service or resource exhaustion.;Rate-limit and filter HTTPS traffic from Internet to ADFS, using DDoS protection, throttling and input validation to prevent resource exhaustion.;High;
TH3142;Uncontrolled LDAP/LDAPS access from Internet to Active Directory Domain Services;IA;Uncontrolled LDAP/LDAPS flow from Internet to Active Directory Domain Services can lead to initial access from untrusted networks.;Place secure gateways (WAF, VPN, reverse proxy) in front of Active Directory Domain Services and restrict inbound LDAP/LDAPS traffic from the Internet to authenticated, encrypted and strictly necessary endpoints.;High;
TH3143;Weak identity controls on access from Remote User Zone to Azure DevOps Repos;IA;Uncontrolled HTTPS flow from Remote User Zone to Azure DevOps Repos can lead to initial access from untrusted networks.;Place secure gateways (WAF, VPN, reverse proxy) in front of Azure DevOps Repos and restrict inbound HTTPS traffic from the Internet to authenticated, encrypted and strictly necessary endpoints.;High;
TH3144;Overly open network path from Azure DevOps Pipelines to Host;T;Uncontrolled HTTPS flow from Azure DevOps Pipelines to Host can lead to tampering or unauthorized modification.;Validate and sanitise all inputs and commands flowing from Azure DevOps Pipelines to Host, and enforce integrity controls so that only authorised and expected operations are permitted.;Medium;
TH3145;Uncontrolled HTTPS access from Internet to Azure DevOps Artifacts;I;Uncontrolled HTTPS flow from Internet to Azure DevOps Artifacts can lead to sensitive data exposure.;Encrypt data in transit and at rest, avoid sending sensitive information in clear text between Internet and Azure DevOps Artifacts, and minimise the amount of data exposed.;High;
TH3146;Weak identity controls on access from App Service to Azure DevOps;T;Uncontrolled HTTPS flow from App Service to Azure DevOps can lead to tampering or unauthorized modification.;Validate and sanitise all inputs and commands flowing from App Service to Azure DevOps, and enforce integrity controls so that only authorised and expected operations are permitted.;Medium;
TH3147;Uncontrolled HTTPS access from Azure Data Share to External Tenant;I;Uncontrolled HTTPS flow from Azure Data Share to External Tenant can lead to sensitive data exposure.;Encrypt data in transit and at rest, avoid sending sensitive information in clear text between Azure Data Share and External Tenant, and minimise the amount of data exposed.;High;
TH3148;Uncontrolled HTTPS access from Azure Purview Accounts to Azure Storage;T;Uncontrolled HTTPS flow from Azure Purview Accounts to Azure Storage can lead to tampering or unauthorized modification.;Validate and sanitise all inputs and commands flowing from Azure Purview Accounts to Azure Storage, and enforce integrity controls so that only authorised and expected operations are permitted.;Medium;
TH3149;Uncontrolled TDS access from Power BI Embedded to Azure SQL Database;T;Uncontrolled TDS flow from Power BI Embedded to Azure SQL Database can lead to tampering or unauthorized modification.;Validate and sanitise all inputs and commands flowing from Power BI Embedded to Azure SQL Database, and enforce integrity controls so that only authorised and expected operations are permitted.;Medium;
TH3150;Uncontrolled TDS access from Remote User Zone to Azure Synapse;T;Uncontrolled TDS flow from Remote User Zone to Azure Synapse can lead to tampering or unauthorized modification.;Validate and sanitise all inputs and commands flowing from Remote User Zone to Azure Synapse, and enforce integrity controls so that only authorised and expected operations are permitted.;Medium;
TH3151;Weak identity controls on access from Human User to Active Directory B2C;I;Uncontrolled HTTPS flow from Human User to Active Directory B2C can lead to sensitive data exposure.;Encrypt data in transit and at rest, avoid sending sensitive information in clear text between Human User and Active Directory B2C, and minimise the amount of data exposed.;High;
TH3152;Insufficient security logging for traffic Remote User Zone to Azure Portal;IA;Uncontrolled HTTPS flow from Remote User Zone to Azure Portal can lead to initial access from untrusted networks.;Place secure gateways (WAF, VPN, reverse proxy) in front of Azure Portal and restrict inbound HTTPS traffic from the Internet to authenticated, encrypted and strictly necessary endpoints.;High;
TH3153;Overly open network path from Virtual Network to Network Watcher;R;Uncontrolled Diagnostic flow from Virtual Network to Network Watcher can lead to lack of logging and accountability.;Enable detailed logging and security monitoring for traffic between Virtual Network and Network Watcher, and send logs to a central SIEM for alerting and investigations.;Medium;
TH3154;Insufficient security logging for traffic Azure Firewall to Log Analytics;R;Uncontrolled Diagnostic flow from Azure Firewall to Log Analytics can lead to lack of logging and accountability.;Enable detailed logging and security monitoring for traffic between Azure Firewall and Log Analytics, and send logs to a central SIEM for alerting and investigations.;Medium;
